0.94128053797,0.0587194620298
0.810099987844,0.189900012156
0.999962533279,3.74667206844e-05
0.756292597611,0.243707402389
0.999897183306,0.000102816694324
0.638430836314,0.361569163686
0.99906529085,0.000934709150302
0.99906529085,0.000934709150302
0.608640212611,0.391359787389
0.5,0.5
0.5,0.5
0.994420938366,0.00557906163375
0.998218008253,0.00178199174678
0.878950603284,0.121049396716
0.880313260852,0.119686739148
0.756292597611,0.243707402389
0.901201816033,0.098798183967
0.901201816033,0.098798183967
0.901201816033,0.098798183967
0.973430435626,0.0265695643745
0.945530745479,0.0544692545214
0.842595754147,0.157404245853
0.845667905831,0.154332094169
0.725709095266,0.274290904734
0.961808412258,0.0381915877417
0.997743542126,0.00225645787421
0.983441685812,0.0165583141884
0.848378551862,0.151621448138
0.5,0.5
0.998029764458,0.00197023554181
0.951721218662,0.0482787813382
0.974812566168,0.0251874338321
0.845667905831,0.154332094169
0.5,0.5
0.980780249393,0.0192197506067
0.966499486491,0.033500513509
0.986773524316,0.0132264756843
0.566606753429,0.433393246571
0.5,0.5
0.976444762799,0.0235552372012
0.949009525732,0.0509904742676
0.5,0.5
0.996743498487,0.00325650151272
0.5,0.5
0.756292597611,0.243707402389
0.845667905831,0.154332094169
0.910572069931,0.0894279300693
0.991825843501,0.00817415649881
0.932021220949,0.0679787790506
0.754042504509,0.245957495491
0.756292597611,0.243707402389
0.878950603284,0.121049396716
0.756292597611,0.243707402389
0.99906529085,0.000934709150302
0.944978595774,0.0550214042255
0.921307789675,0.0786922103248
0.999851834131,0.000148165868767
0.995569268464,0.00443073153583
0.715093042186,0.284906957814
0.5,0.5
0.998807761861,0.0011922381388
0.988788606211,0.011211393789
0.756292597611,0.243707402389
0.950007647935,0.0499923520646
0.845667905831,0.154332094169
0.872185261815,0.127814738185
0.756292597611,0.243707402389
0.756292597611,0.243707402389
0.999444535368,0.000555464632399
0.897137869669,0.102862130331
0.5,0.5
0.5,0.5
0.993242957433,0.00675704256702
0.99906529085,0.000934709150302
0.5,0.5
0.756292597611,0.243707402389
0.5,0.5
0.960189501368,0.0398104986324
0.998695525923,0.0013044740769
0.5,0.5
0.997207022047,0.00279297795333
0.5,0.5
0.979291396431,0.0207086035687
0.891261310278,0.108738689722
0.756292597611,0.243707402389
0.5,0.5
0.99529418791,0.00470581209032
0.99976094552,0.000239054479799
0.995087022404,0.00491297759604
0.756292597611,0.243707402389
0.978762696813,0.0212373031867
0.833436375557,0.166563624443
0.859196215845,0.140803784155
0.99906529085,0.000934709150302
0.5,0.5
0.999999999631,3.68739705436e-10
0.99997752355,2.24764497045e-05
0.999445805222,0.000554194777873
0.608640212611,0.391359787389
0.886210070744,0.113789929256
0.756292597611,0.243707402389
0.5,0.5
0.756292597611,0.243707402389
0.756292597611,0.243707402389
0.779562730806,0.220437269194
0.756292597611,0.243707402389
0.950927545373,0.0490724546267
0.5,0.5
0.756292597611,0.243707402389
0.878740845773,0.121259154227
0.999360439774,0.000639560225902
0.746151304848,0.253848695152
0.989490390246,0.0105096097539
0.756292597611,0.243707402389
0.918386227433,0.0816137725673
0.99634530046,0.00365469954032
0.99634530046,0.00365469954032
0.5,0.5
0.5,0.5
0.99906775293,0.000932247069964
0.995265766643,0.00473423335671
0.995265766643,0.00473423335671
0.837385204658,0.162614795342
0.5,0.5
0.5,0.5
0.908088025652,0.0919119743476
0.756292597611,0.243707402389
0.974586184221,0.0254138157792
0.5,0.5
0.826665946269,0.173334053731
0.837889767758,0.162110232242
0.971422727716,0.0285772722836
0.5,0.5
0.5,0.5
0.785584111684,0.214415888316
0.952213677392,0.0477863226082
1.0,5.75095526756e-14
0.905960431836,0.0940395681643
1.0,5.10702591328e-14
0.974753571704,0.0252464282957
0.99906529085,0.000934709150302
0.99906529085,0.000934709150302
0.756292597611,0.243707402389
0.756292597611,0.243707402389
0.999999601226,3.98774238519e-07
0.756292597611,0.243707402389
0.756292597611,0.243707402389
0.979333536301,0.0206664636991
0.992587151203,0.00741284879716
0.801285787915,0.198714212085
0.897570783926,0.102429216074
0.908649858999,0.0913501410013
0.997739508588,0.00226049141249
0.999961296817,3.87031833606e-05
0.94911732844,0.05088267156
0.998092285855,0.00190771414541
0.99634530046,0.00365469954032
0.986751710523,0.0132482894771
0.824438045563,0.175561954437
0.95994259748,0.0400574025195
0.801167933757,0.198832066243
0.996796746909,0.00320325309141
0.5,0.5
0.5,0.5
0.608640212611,0.391359787389
0.5,0.5
0.756292597611,0.243707402389
0.5,0.5
0.756292597611,0.243707402389
0.5,0.5
0.5,0.5
0.954319194405,0.0456808055953
0.987989490472,0.0120105095282
0.987475191296,0.012524808704
0.95821120593,0.0417887940705
0.756292597611,0.243707402389
0.978545439706,0.0214545602937
0.700581826365,0.299418173635
0.756292597611,0.243707402389
0.756292597611,0.243707402389
0.5,0.5
0.880640548752,0.119359451248
0.99906529085,0.000934709150302
0.5,0.5
0.756292597611,0.243707402389
0.756292597611,0.243707402389
0.969554249455,0.0304457505447
0.756292597611,0.243707402389
0.90115372558,0.0988462744201
0.920892818969,0.0791071810306
0.756292597611,0.243707402389
0.998550085901,0.00144991409919
0.995976974869,0.00402302513075
0.756292597611,0.243707402389
0.5,0.5
0.653210167449,0.346789832551
0.653210167449,0.346789832551
0.878332146349,0.121667853651
0.905960431836,0.0940395681643
0.99906529085,0.000934709150302
0.756292597611,0.243707402389
0.79644470231,0.20355529769
0.878950603284,0.121049396716
0.978729829635,0.0212701703647
0.936087261011,0.0639127389886
0.948304258997,0.0516957410031
0.993136155074,0.00686384492572
0.959963741175,0.0400362588249
0.756292597611,0.243707402389
0.756292597611,0.243707402389
0.993591812492,0.00640818750809
0.999387494535,0.000612505465008
0.837859882825,0.162140117175
0.756292597611,0.243707402389
0.945910608789,0.0540893912109
0.5,0.5
0.864790283256,0.135209716744
0.5,0.5
0.921090742178,0.0789092578217
0.940305223071,0.0596947769295
0.98581173243,0.01418826757
0.814614869328,0.185385130672
0.5,0.5
0.97394233168,0.0260576683199
0.98505705086,0.0149429491399
0.991092462467,0.00890753753331
0.891099357134,0.108900642866
0.997150363124,0.0028496368758
0.994669630012,0.0053303699879
0.756292597611,0.243707402389
0.998552241539,0.00144775846123
0.954969527314,0.0450304726863
0.967587760014,0.0324122399863
0.755318102692,0.244681897308
0.99906529085,0.000934709150302
0.987998031176,0.0120019688241
0.755318102692,0.244681897308
0.755318102692,0.244681897308
0.960037851741,0.0399621482594
0.99871249409,0.0012875059096
0.756292597611,0.243707402389
0.925658084777,0.074341915223
0.979205031669,0.0207949683313
0.875885407815,0.124114592185
0.756292597611,0.243707402389
0.836862994717,0.163137005283
0.997424158918,0.00257584108237
0.993102877735,0.00689712226548
0.5,0.5
0.916489634847,0.0835103651529
0.971565900811,0.0284340991889
0.970249866117,0.0297501338833
0.931849320526,0.0681506794737
0.997948703821,0.00205129617947
0.905960431836,0.0940395681643
0.5,0.5
0.905929756747,0.094070243253
0.5,0.5
0.978085959303,0.0219140406973
0.966819517185,0.0331804828147
0.952477807724,0.0475221922763
0.994466082394,0.00553391760579
0.933549085716,0.0664509142844
0.941538124516,0.0584618754838
0.999801253172,0.000198746827548
0.5,0.5
0.997309435324,0.00269056467578
0.894897206347,0.105102793653
0.95762509353,0.0423749064702
0.943343299106,0.0566567008939
0.5,0.5
0.87803367874,0.12196632126
0.756292597611,0.243707402389
0.84235289244,0.15764710756
0.988156126753,0.0118438732468
0.756292597611,0.243707402389
0.628477313143,0.371522686857
0.908822363318,0.0911776366818
0.5,0.5
0.591744077233,0.408255922767
0.999901283527,9.87164734353e-05
0.5,0.5
0.979979207577,0.0200207924232
0.999998621385,1.37861473448e-06
0.92907325464,0.0709267453601
0.952863319727,0.0471366802729
0.5,0.5
0.802260046261,0.197739953739
0.995064678889,0.00493532111149
0.987905425424,0.0120945745761
0.968666421976,0.0313335780243
0.5,0.5
0.933542261519,0.0664577384808
0.942806456332,0.057193543668
0.966223830287,0.0337761697126
0.756292597611,0.243707402389
0.982926889466,0.0170731105341
0.858602379259,0.141397620741
0.973248528673,0.0267514713274
0.989653534982,0.0103464650179
0.756292597611,0.243707402389
0.974177818964,0.0258221810361
0.756292597611,0.243707402389
0.979346485519,0.020653514481
0.998516045888,0.00148395411242
0.999991188817,8.8111833223e-06
0.5,0.5
0.756292597611,0.243707402389
0.969991015822,0.0300089841776
0.999999999999,1.46216372343e-12
0.5,0.5
0.653210167449,0.346789832551
0.984302317607,0.0156976823934
0.756292597611,0.243707402389
0.5,0.5
0.5,0.5
0.5,0.5
0.756292597611,0.243707402389
0.83872609576,0.16127390424
0.945343489291,0.0546565107089
0.793084618814,0.206915381186
0.756292597611,0.243707402389
0.5,0.5
0.756292597611,0.243707402389
0.99969862988,0.000301370119549
0.99021236911,0.0097876308897
0.878950603284,0.121049396716
0.776002352121,0.223997647879
0.979849699685,0.0201503003147
0.927396630091,0.0726033699091
0.929871687083,0.070128312917
0.608640212611,0.391359787389
0.699151365138,0.300848634862
0.916489634847,0.0835103651529
0.916489634847,0.0835103651529
0.756292597611,0.243707402389
0.5,0.5
0.756292597611,0.243707402389
0.999242379462,0.000757620537614
0.995307657649,0.00469234235132
0.5,0.5
0.983942793393,0.0160572066067
0.902009100752,0.0979908992476
0.871466740379,0.128533259621
0.5,0.5
0.996640607242,0.00335939275779
0.875894104366,0.124105895634
0.756292597611,0.243707402389
0.608640212611,0.391359787389
0.987649239819,0.0123507601809
0.999707887675,0.000292112325002
0.864920020844,0.135079979156
0.756292597611,0.243707402389
0.959963741175,0.0400362588249
0.756292597611,0.243707402389
0.922662175234,0.0773378247655
0.887191583624,0.112808416376
0.756292597611,0.243707402389
0.963352352595,0.0366476474053
0.993442781737,0.0065572182628
0.756292597611,0.243707402389
0.777408898138,0.222591101862
0.756292597611,0.243707402389
0.5,0.5
0.946125094441,0.0538749055585
0.756292597611,0.243707402389
0.5,0.5
0.841878236465,0.158121763535
0.5,0.5
0.992781905431,0.00721809456876
0.875559998952,0.124440001048
0.936025610588,0.0639743894125
0.971424670895,0.0285753291049
0.5,0.5
0.871466740379,0.128533259621
0.875515320652,0.124484679348
0.853044262433,0.146955737567
0.991390139301,0.00860986069874
0.994963526776,0.00503647322392
0.996041248606,0.00395875139395
0.997690863898,0.00230913610188
0.988361270472,0.0116387295282
0.5,0.5
0.756292597611,0.243707402389
0.902516162183,0.0974838378169
0.989839146428,0.0101608535716
0.928297723059,0.0717022769407
0.5,0.5
0.99652697418,0.00347302581993
0.997983251635,0.00201674836524
0.970696303951,0.0293036960494
0.5,0.5
0.756292597611,0.243707402389
0.5,0.5
0.913831380442,0.0861686195581
0.996765463954,0.00323453604552
0.999975066417,2.49335833601e-05
0.992776313807,0.0072236861928
0.859341326973,0.140658673027
0.756292597611,0.243707402389
0.996471648769,0.00352835123092
1.0,3.99680288865e-14
0.921135793619,0.0788642063811
0.999999999901,9.91517978832e-11
0.918787075442,0.081212924558
0.5,0.5
0.979278616326,0.0207213836744
0.931306892899,0.0686931071009
0.980671180598,0.0193288194019
0.99988844486,0.000111555139865
0.5,0.5
0.5,0.5
0.887787697501,0.112212302499
0.837385204658,0.162614795342
0.999921522491,7.84775092505e-05
0.998780604628,0.00121939537245
0.998418138742,0.00158186125822
0.933700910588,0.0662990894119
0.950692290598,0.0493077094021
0.999975955014,2.40449864857e-05
0.756292597611,0.243707402389
0.874475135634,0.125524864366
0.756292597611,0.243707402389
0.756292597611,0.243707402389
0.887392593301,0.112607406699
0.990735245703,0.00926475429707
0.986755501092,0.0132444989083
0.869637791729,0.130362208271
0.999930170209,6.98297911301e-05
0.979981954187,0.0200180458133
0.756292597611,0.243707402389
0.756292597611,0.243707402389
0.999999999984,1.55597756901e-11
0.608640212611,0.391359787389
0.972101030846,0.027898969154
0.815210647224,0.184789352776
0.993737850853,0.00626214914654
0.997615099201,0.00238490079903
0.5,0.5
0.985505422287,0.0144945777128
0.934844287744,0.0651557122556
0.756292597611,0.243707402389
0.999163636068,0.000836363932307
0.99584835355,0.00415164645007
0.803406078699,0.196593921301
0.76400613314,0.23599386686
0.756292597611,0.243707402389
0.5,0.5
0.831207596394,0.168792403606
0.5,0.5
0.756292597611,0.243707402389
0.5,0.5
0.964154378508,0.0358456214919
0.999984646013,1.53539873706e-05
0.998337734169,0.00166226583094
0.99813746027,0.00186253972996
0.972543450053,0.0274565499466
0.9870653948,0.0129346052005
0.984522661588,0.0154773384123
0.963134609523,0.036865390477
0.5,0.5
0.756292597611,0.243707402389
0.756292597611,0.243707402389
0.756292597611,0.243707402389
0.5,0.5
0.897137869669,0.102862130331
0.797257336383,0.202742663617
0.897263304758,0.102736695242
0.998797488791,0.00120251120877
0.998794386052,0.00120561394811
0.756292597611,0.243707402389
0.756292597611,0.243707402389
0.768572811516,0.231427188484
0.768572811516,0.231427188484
0.956786197051,0.0432138029493
0.673311289284,0.326688710716
0.970799949979,0.0292000500212
0.983909897597,0.0160901024031
0.5,0.5
0.768572811516,0.231427188484
0.5,0.5
0.756292597611,0.243707402389
0.996203908578,0.00379609142158
0.882431497618,0.117568502382
0.905929756747,0.094070243253
0.756292597611,0.243707402389
0.998710821403,0.00128917859652
0.915599831036,0.0844001689637
0.756292597611,0.243707402389
0.756292597611,0.243707402389
0.878950603284,0.121049396716
0.999342744333,0.000657255667228
0.756292597611,0.243707402389
0.972217683164,0.0277823168356
0.913585383025,0.0864146169754
0.975417001805,0.0245829981952
0.989156320472,0.0108436795279
0.999916518331,8.34816688321e-05
0.871466740379,0.128533259621
0.756292597611,0.243707402389
0.996926132081,0.00307386791893
0.995666427372,0.00433357262842
0.983827526923,0.0161724730766
0.997432290472,0.00256770952788
0.999309483545,0.00069051645491
0.995939943224,0.00406005677619
0.999729854588,0.000270145411748
0.998455531842,0.00154446815819
0.999566658057,0.000433341942591
0.99937787674,0.000622123260495
0.999131626599,0.000868373400712
0.975081243471,0.0249187565291
0.756292597611,0.243707402389
0.5,0.5
0.998891557118,0.00110844288185
0.5,0.5
0.871908540774,0.128091459226
0.5,0.5
0.983087580872,0.0169124191276
0.839399925938,0.160600074062
0.756292597611,0.243707402389
0.954629015207,0.0453709847929
0.967060865923,0.032939134077
0.527021148091,0.472978851909
0.889595895694,0.110404104306
0.5,0.5
0.996206819361,0.00379318063941
0.929438764272,0.0705612357284
0.5,0.5
0.837821841031,0.162178158969
0.840293033001,0.159706966999
0.979948774003,0.0200512259971
0.934536013692,0.0654639863084
0.988569796874,0.0114302031265
0.935957311545,0.0640426884547
0.885290195928,0.114709804072
0.756292597611,0.243707402389
0.758213517802,0.241786482198
0.998943429643,0.00105657035678
0.959856759715,0.040143240285
0.756292597611,0.243707402389
0.756292597611,0.243707402389
0.814614869328,0.185385130672
0.999724492456,0.000275507544359
0.973309904654,0.0266900953456
0.961168949416,0.0388310505839
0.756292597611,0.243707402389
0.999915023429,8.49765705396e-05
0.996418551235,0.00358144876487
0.851854394162,0.148145605838
0.5,0.5
0.5,0.5
0.969875239425,0.0301247605754
0.947320944769,0.0526790552309
0.756292597611,0.243707402389
0.91419369653,0.0858063034696
0.834843393431,0.165156606569
0.959781169357,0.0402188306425
0.313262634655,0.686737365345
0.891743970723,0.108256029277
0.999948601491,5.13985086854e-05
0.850089093639,0.149910906361
0.756292597611,0.243707402389
0.5,0.5
0.962274373137,0.037725626863
0.5,0.5
0.987071011208,0.0129289887917
0.927455187259,0.0725448127415
0.756292597611,0.243707402389
0.874989045786,0.125010954214
0.965116672326,0.0348833276743
0.756292597611,0.243707402389
0.964405132083,0.0355948679167
0.845667905831,0.154332094169
0.845667905831,0.154332094169
0.67228984047,0.32771015953
0.999033159779,0.000966840220899
0.608640212611,0.391359787389
0.878950603284,0.121049396716
0.990589647907,0.00941035209281
0.999727374817,0.000272625182956
0.5,0.5
0.756292597611,0.243707402389
0.997514418582,0.00248558141842
0.978593254433,0.0214067455666
0.997337835365,0.00266216463518
0.5,0.5
0.96559657502,0.0344034249795
0.952450189163,0.047549810837
0.911417761688,0.0885822383121
0.997975528345,0.00202447165482
0.775004773105,0.224995226895
0.89878346404,0.10121653596
0.932148459323,0.0678515406765
0.990717789487,0.00928221051333
0.999755279729,0.000244720271126
0.5,0.5
0.828361623348,0.171638376652
0.926058283103,0.0739417168973
0.756292597611,0.243707402389
0.997102484755,0.00289751524547
0.756292597611,0.243707402389
0.991413665996,0.00858633400389
0.886855871519,0.113144128481
0.756292597611,0.243707402389
0.900949554783,0.0990504452173
0.5,0.5
0.756292597611,0.243707402389
0.828361623348,0.171638376652
0.756292597611,0.243707402389
0.979787411149,0.0202125888509
0.996530191391,0.00346980860933
0.978219095001,0.0217809049987
0.999999999881,1.18822507389e-10
0.959824380531,0.0401756194694
0.866310101319,0.133689898681
0.809128914553,0.190871085447
0.858389788317,0.141610211683
0.999839640177,0.000160359823205
0.995282417278,0.00471758272248
0.999838185805,0.000161814194698
0.756292597611,0.243707402389
0.999024027793,0.000975972206623
0.945013941032,0.0549860589683
0.999741053474,0.000258946526218
0.996821967845,0.0031780321553
0.598750126303,0.401249873697
0.999590432835,0.000409567164986
0.992503021618,0.00749697838233
0.999162958906,0.000837041094249
0.5,0.5
0.996821967845,0.0031780321553
0.987591163865,0.0124088361348
0.756292597611,0.243707402389
0.999630459276,0.000369540724305
0.99888915186,0.00111084813972
0.730537238092,0.269462761908
0.974204972883,0.0257950271169
0.850746754364,0.149253245636
0.996502906983,0.0034970930171
0.994144725988,0.00585527401218
0.756292597611,0.243707402389
0.99975450538,0.000245494620165
0.998798197211,0.00120180278882
0.756292597611,0.243707402389
0.999949374777,5.06252230558e-05
0.5,0.5
0.5,0.5
0.5,0.5
0.989222194512,0.0107778054881
0.756292597611,0.243707402389
0.5,0.5
0.5,0.5
0.97250844787,0.0274915521301
0.909034273965,0.0909657260354
0.900949554783,0.0990504452173
0.989222194512,0.0107778054881
0.999370849052,0.000629150948117
0.998044652324,0.00195534767621
0.915273150565,0.0847268494348
0.939428088808,0.0605719111923
0.5,0.5
0.933478951599,0.0665210484014
0.993127287638,0.00687271236151
0.5,0.5
0.756292597611,0.243707402389
0.995360923074,0.00463907692627
0.756292597611,0.243707402389
0.989369388055,0.0106306119448
0.756292597611,0.243707402389
0.985172161274,0.0148278387261
0.999121398385,0.000878601615405
0.967520264559,0.0324797354408
0.864790283256,0.135209716744
0.756292597611,0.243707402389
0.756292597611,0.243707402389
0.756292597611,0.243707402389
0.999417093101,0.000582906899279
0.756292597611,0.243707402389
0.878950603284,0.121049396716
0.923808859591,0.0761911404086
0.991016040402,0.00898395959761
0.979631961109,0.0203680388912
0.999452576358,0.000547423641526
0.756292597611,0.243707402389
0.999999998841,1.1585112869e-09
0.904632419393,0.0953675806068
0.999997518984,2.48101580957e-06
0.999699556394,0.000300443606022
1.0,9.83657599818e-14
0.932211679707,0.0677883202933
0.553212721151,0.446787278849
0.5,0.5
0.96061996837,0.0393800316299
0.96061996837,0.0393800316299
0.994536406598,0.00546359340226
0.984998057849,0.0150019421508
0.918073879913,0.0819261200867
0.756292597611,0.243707402389
0.905440303111,0.0945596968887
0.756292597611,0.243707402389
0.5,0.5
0.756292597611,0.243707402389
0.5,0.5
0.756292597611,0.243707402389
0.987689793996,0.0123102060042
0.898144881813,0.101855118187
0.951642586964,0.048357413036
0.996158984182,0.00384101581787
0.959963741175,0.0400362588249
0.924884365507,0.0751156344931
0.241440165589,0.758559834411
0.999044748316,0.000955251684498
0.837011750504,0.162988249496
0.99886964213,0.00113035787008
0.980456202434,0.0195437975659
0.756292597611,0.243707402389
0.5,0.5
0.985458207884,0.0145417921156
0.932955442074,0.0670445579258
0.756292597611,0.243707402389
0.756292597611,0.243707402389
0.995700552345,0.004299447655
0.650307242788,0.349692757212
0.973117256238,0.0268827437622
0.96061996837,0.0393800316299
0.947021719485,0.0529782805154
0.997981801985,0.00201819801533
0.910020069283,0.0899799307165
0.985794238108,0.0142057618922
0.987914263971,0.0120857360288
0.845204013435,0.154795986565
0.933542261519,0.0664577384808
0.5,0.5
0.5,0.5
0.985861579375,0.0141384206255
0.756292597611,0.243707402389
0.5,0.5
0.99592803777,0.0040719622303
0.5,0.5
0.923808859591,0.0761911404086
0.967336873727,0.0326631262727
0.874989045786,0.125010954214
0.756292597611,0.243707402389
0.960141309145,0.0398586908545
0.999382293972,0.000617706027778
0.5,0.5
0.967218497,0.032781503
0.5,0.5
0.5,0.5
0.5,0.5
0.965667926201,0.0343320737988
0.962791512623,0.0372084873774
0.546990911769,0.453009088231
0.794910001058,0.205089998942
0.5,0.5
0.5,0.5
0.756292597611,0.243707402389
0.996749595078,0.00325040492217
0.985489986952,0.0145100130484
0.795170722925,0.204829277075
0.998484570798,0.0015154292018
0.756292597611,0.243707402389
0.971795394429,0.0282046055714
0.983253208718,0.0167467912823
0.973104958274,0.0268950417257
0.955757569592,0.0442424304082
0.5,0.5
0.974743726216,0.0252562737837
0.978579004819,0.0214209951814
0.999864029958,0.00013597004154
0.985855305666,0.0141446943336
0.985586476872,0.0144135231276
0.919347916927,0.0806520830725
0.99978636971,0.00021363029015
0.995717301151,0.0042826988492
0.874989045786,0.125010954214
0.838165314586,0.161834685414
0.977258727725,0.0227412722752
0.97396516274,0.0260348372604
0.968414131611,0.0315858683893
0.874989045786,0.125010954214
0.926178707607,0.0738212923929
0.923808859591,0.0761911404086
0.911097528093,0.0889024719072
0.975283086317,0.0247169136833
0.5,0.5
0.5,0.5
0.996641477638,0.00335852236231
0.5,0.5
0.998733018254,0.00126698174595
0.989888310618,0.0101116893824
0.898144881813,0.101855118187
0.997401761646,0.00259823835431
0.756292597611,0.243707402389
0.608640212611,0.391359787389
0.756292597611,0.243707402389
0.988416127938,0.0115838720619
0.756292597611,0.243707402389
0.98954463884,0.0104553611603
0.5,0.5
0.5,0.5
0.977258727725,0.0227412722752
0.979802060937,0.0201979390632
0.974282760366,0.0257172396341
0.5,0.5
0.962927047754,0.0370729522455
0.949413034936,0.0505869650642
0.960334504989,0.0396654950109
0.845667905831,0.154332094169
0.998931008463,0.00106899153743
0.921967171441,0.0780328285593
0.996651237426,0.00334876257417
0.977855873532,0.0221441264683
0.931677017278,0.0683229827222
0.756292597611,0.243707402389
0.5,0.5
0.958537528572,0.0414624714276
0.98297063433,0.01702936567
0.997708832569,0.00229116743089
0.998197578154,0.00180242184645
0.999984847502,1.51524980379e-05
0.999560516147,0.000439483853236
0.5,0.5
0.987134411207,0.012865588793
0.88211262281,0.11788737719
0.5,0.5
0.756292597611,0.243707402389
0.5,0.5
0.998719009678,0.00128099032154
0.909789711271,0.0902102887286
0.5,0.5
0.999988001417,1.19985829978e-05
0.962927047754,0.0370729522455
0.994839253858,0.00516074614197
0.999159060882,0.000840939118081
0.999553368519,0.000446631480741
0.980339935712,0.0196600642878
0.828361623348,0.171638376652
0.99963437257,0.000365627429838
0.995924102157,0.00407589784313
0.959780397325,0.0402196026751
0.756292597611,0.243707402389
0.984506806298,0.0154931937024
0.921398366645,0.0786016333546
0.756292597611,0.243707402389
0.998518828972,0.00148117102783
0.998518828972,0.00148117102783
0.843080564728,0.156919435272
0.999881975465,0.000118024534986
0.999881975465,0.000118024534986
0.763132362665,0.236867637335
0.985896800531,0.0141031994691
0.988470843821,0.0115291561792
0.916489634847,0.0835103651529
0.999999999966,3.38014061185e-11
0.756292597611,0.243707402389
0.756292597611,0.243707402389
0.714842381872,0.285157618128
0.756292597611,0.243707402389
0.971797313003,0.0282026869973
0.99120771952,0.00879228048016
0.996616953965,0.00338304603519
0.756292597611,0.243707402389
0.996033038532,0.0039669614676
0.921708501965,0.0782914980354
0.994251092808,0.00574890719219
0.999443735368,0.000556264632392
0.5,0.5
0.5,0.5
0.977941028926,0.0220589710743
0.877119402494,0.122880597506
0.966105818216,0.0338941817845
0.953801136535,0.0461988634645
0.984323780413,0.0156762195867
0.756292597611,0.243707402389
0.99786049716,0.00213950283968
0.947690997057,0.0523090029426
0.905203732412,0.094796267588
0.807180065293,0.192819934707
0.756292597611,0.243707402389
0.913831380442,0.0861686195581
0.900687775835,0.099312224165
0.903930448848,0.096069551152
0.98037729157,0.0196227084304
0.896004704409,0.103995295591
0.999939458443,6.05415565628e-05
0.981598316078,0.0184016839217
0.848378551862,0.151621448138
0.900687775835,0.099312224165
0.998014010428,0.00198598957173
0.985486268619,0.0145137313806
0.985775460583,0.0142245394169
0.995529390973,0.00447060902657
0.900687775835,0.099312224165
0.864790283256,0.135209716744
0.997614171128,0.00238582887222
0.999691996081,0.000308003918903
0.961877410356,0.0381225896442
0.988535395162,0.0114646048381
0.905929756747,0.094070243253
0.756292597611,0.243707402389
0.999988974734,1.10252658303e-05
0.857666202898,0.142333797102
0.905929756747,0.094070243253
0.98607724306,0.0139227569403
0.5,0.5
0.973060168445,0.0269398315545
0.756292597611,0.243707402389
0.864790283256,0.135209716744
0.5,0.5
0.5,0.5
0.5,0.5
0.5,0.5
0.896927277226,0.103072722774
0.982535564756,0.0174644352444
0.963002298161,0.036997701839
0.5,0.5
0.994584608532,0.00541539146815
0.991033918281,0.00896608171944
0.756292597611,0.243707402389
0.998716602245,0.00128339775486
0.990101066488,0.00989893351203
0.955040857955,0.0449591420446
0.864790283256,0.135209716744
0.842684594611,0.157315405389
0.999443735368,0.000556264632392
0.995815771775,0.00418422822508
0.864790283256,0.135209716744
0.898144881813,0.101855118187
0.996723083197,0.00327691680331
0.980982219926,0.0190177800742
0.964909030168,0.0350909698324
0.990586291467,0.00941370853261
0.995831700047,0.00416829995257
0.991671512097,0.00832848790297
0.999999999972,2.79010148319e-11
0.989102235258,0.0108977647417
0.995653896469,0.00434610353102
0.995653896469,0.00434610353102
0.996251149036,0.00374885096413
0.945545679232,0.0544543207681
0.5,0.5
0.998227039506,0.00177296049417
0.756292597611,0.243707402389
0.992916581333,0.00708341866747
0.998777006506,0.00122299349404
0.998777006506,0.00122299349404
0.5,0.5
0.995206455063,0.00479354493748
0.756292597611,0.243707402389
0.756292597611,0.243707402389
0.956289820034,0.043710179966
0.911595218932,0.0884047810678
0.828296211292,0.171703788708
0.756292597611,0.243707402389
0.756292597611,0.243707402389
0.882985404899,0.117014595101
0.998730079181,0.00126992081881
0.98023074413,0.0197692558704
0.997048570923,0.00295142907675
0.78808822302,0.21191177698
0.999999999967,3.26016991181e-11
0.933478951599,0.0665210484014
0.991095375298,0.0089046247016
0.908165617871,0.0918343821292
0.978179002753,0.0218209972466
0.957326647685,0.042673352315
0.983649159733,0.0163508402668
0.99546583563,0.00453416436966
0.872138433681,0.127861566319
0.892912276779,0.107087723221
0.991545198265,0.00845480173523
0.994857089838,0.00514291016156
0.986788916285,0.0132110837147
0.756292597611,0.243707402389
0.756292597611,0.243707402389
0.5,0.5
0.977957417975,0.0220425820248
0.904154263175,0.0958457368255
0.993265135888,0.00673486411241
0.998739946185,0.00126005381533
0.756292597611,0.243707402389
0.999994231427,5.76857330647e-06
0.999800946928,0.000199053072486
0.5,0.5
0.99941803028,0.000581969719969
0.848378551862,0.151621448138
0.5,0.5
0.5,0.5
0.997528585138,0.00247141486167
0.99948205323,0.000517946770338
0.99932173907,0.000678260930339
0.5,0.5
0.78974350079,0.21025649921
0.756292597611,0.243707402389
0.998985353661,0.00101464633925
0.898144881813,0.101855118187
0.756292597611,0.243707402389
0.99740215034,0.00259784966019
0.848378551862,0.151621448138
0.898144881813,0.101855118187
0.5,0.5
0.756292597611,0.243707402389
0.897195070121,0.102804929879
0.986010914423,0.0139890855772
0.902248373263,0.0977516267375
0.959198531526,0.0408014684741
0.897703098112,0.102296901888
0.848378551862,0.151621448138
0.930891821932,0.0691081780675
0.801045245948,0.198954754052
0.976776428152,0.0232235718481
0.872774931357,0.127225068643
0.901644335743,0.0983556642573
0.99984229553,0.000157704470399
0.5,0.5
0.988679780108,0.0113202198923
0.991250840654,0.00874915934611
0.926911021971,0.073088978029
0.999932994577,6.70054225902e-05
0.998364075619,0.00163592438065
0.832910973678,0.167089026322
0.889649902392,0.110350097608
0.875113689354,0.124886310646
0.967959204747,0.0320407952533
0.998952373527,0.00104762647289
0.999017218032,0.000982781967852
0.991925763854,0.00807423614559
0.980012926063,0.0199870739366
0.999031854928,0.000968145072117
0.998616604581,0.00138339541902
0.5,0.5
0.999962412071,3.75879292898e-05
0.990487683511,0.00951231648905
0.931865830275,0.0681341697248
0.991989107907,0.00801089209303
0.756292597611,0.243707402389
0.993885870637,0.00611412936335
0.990118888306,0.0098811116945
0.756292597611,0.243707402389
0.999177443098,0.000822556902466
0.985870218658,0.0141297813423
0.899425727979,0.100574272021
0.999968707475,3.12925254323e-05
0.768903481915,0.231096518085
0.5,0.5
0.724682769198,0.275317230802
0.876900439601,0.123099560399
0.756292597611,0.243707402389
0.756292597611,0.243707402389
0.756292597611,0.243707402389
0.5,0.5
0.756292597611,0.243707402389
0.934844287744,0.0651557122556
0.999999999937,6.3435923181e-11
0.5,0.5
0.989372648017,0.0106273519827
0.986529352232,0.0134706477678
0.973996586977,0.0260034130226
0.5,0.5
0.999387494535,0.000612505465008
0.5,0.5
0.860501318705,0.139498681295
0.756292597611,0.243707402389
0.754042504509,0.245957495491
0.997341099113,0.00265890088677
0.995612768478,0.00438723152185
0.995499203759,0.00450079624143
0.971422450109,0.028577549891
0.994224739996,0.00577526000368
0.878950603284,0.121049396716
0.941937559744,0.0580624402556
0.980099319776,0.0199006802237
0.982301875562,0.0176981244385
0.900687775835,0.099312224165
0.990343685631,0.00965631436867
0.814614869328,0.185385130672
0.653275857257,0.346724142743
0.817735499119,0.182264500881
0.817735499119,0.182264500881
0.748381721607,0.251618278393
0.999999999881,1.18822507389e-10
0.999999999995,5.05639974335e-12
0.943756621601,0.056243378399
0.947845448241,0.0521545517587
0.987701825264,0.0122981747358
0.5,0.5
0.996101626996,0.00389837300355
0.932035158311,0.0679648416891
0.999593605614,0.000406394385506
0.92718492329,0.0728150767097
0.97110174405,0.0288982559501
0.977755829468,0.0222441705324
0.997242171374,0.00275782862643
0.999502257591,0.000497742408721
0.950420637764,0.049579362236
0.5,0.5
0.837889767758,0.162110232242
0.5,0.5
0.756292597611,0.243707402389
0.957793178058,0.042206821942
0.756292597611,0.243707402389
0.756292597611,0.243707402389
0.756292597611,0.243707402389
0.97959421539,0.0204057846104
0.978666451487,0.0213335485132
0.999999999948,5.24076337882e-11
0.5,0.5
0.756292597611,0.243707402389
0.956289820034,0.043710179966
0.988051038689,0.0119489613109
0.756292597611,0.243707402389
0.853914624128,0.146085375872
0.957190811807,0.0428091881931
0.5,0.5
0.5,0.5
0.5,0.5
0.999530254667,0.000469745332575
0.990017509292,0.009982490708
0.977030261652,0.0229697383483
0.982893966339,0.0171060336606
0.756292597611,0.243707402389
0.845667905831,0.154332094169
0.853914624128,0.146085375872
0.853914624128,0.146085375872
0.99434019524,0.00565980475952
0.983453894487,0.0165461055133
0.988391944187,0.011608055813
0.891734316679,0.108265683321
0.952936476855,0.047063523145
0.983075272945,0.016924727055
0.991720756724,0.00827924327589
0.900687775835,0.099312224165
0.900687775835,0.099312224165
0.95064773889,0.0493522611101
0.913831380442,0.0861686195581
0.995751027225,0.00424897277478
0.997371971904,0.00262802809593
0.5,0.5
0.5,0.5
0.972303447566,0.0276965524343
0.756292597611,0.243707402389
0.853914624128,0.146085375872
0.5,0.5
0.999488064576,0.000511935423678
0.5,0.5
0.988964488136,0.0110355118641
0.756292597611,0.243707402389
0.99721944416,0.00278055584015
0.756292597611,0.243707402389
0.848378551862,0.151621448138
0.686733062746,0.313266937254
0.953779980954,0.046220019046
0.997881761613,0.00211823838748
0.5,0.5
0.977092568104,0.0229074318959
0.944358156599,0.0556418434011
0.995957736435,0.0040422635648
0.872757164081,0.127242835919
0.965828027419,0.0341719725814
0.5,0.5
0.996689499829,0.00331050017082
0.756292597611,0.243707402389
0.991298066326,0.00870193367442
0.905929756747,0.094070243253
0.979658282641,0.0203417173595
0.971475148551,0.0285248514493
0.999611973958,0.000388026042269
0.892071758466,0.107928241534
0.999892871031,0.000107128968662
0.756292597611,0.243707402389
0.999606824017,0.00039317598266
0.984298145219,0.0157018547806
0.5,0.5
0.756292597611,0.243707402389
0.756292597611,0.243707402389
0.967311587278,0.0326884127223
0.848378551862,0.151621448138
0.974540819479,0.0254591805208
0.756292597611,0.243707402389
0.945822539651,0.0541774603491
0.756292597611,0.243707402389
0.932804540193,0.0671954598075
0.5,0.5
0.995976093268,0.00402390673183
0.998045900901,0.00195409909869
0.839883296067,0.160116703933
0.5,0.5
0.947656781277,0.0523432187228
0.5,0.5
0.941449440516,0.0585505594842
0.900181241867,0.0998187581332
0.999640598161,0.000359401839118
0.756292597611,0.243707402389
0.848378551862,0.151621448138
0.916489634847,0.0835103651529
0.837889767758,0.162110232242
0.622642616581,0.377357383419
0.939281112635,0.0607188873645
0.99311492249,0.00688507751029
0.756292597611,0.243707402389
0.995648267463,0.00435173253666
0.997611384746,0.00238861525409
0.997586136689,0.00241386331095
0.643245824656,0.356754175344
0.999933333413,6.66665874185e-05
0.997655673391,0.00234432660858
0.957002745686,0.0429972543145
0.905929756747,0.094070243253
0.978427345164,0.0215726548359
0.996323680246,0.00367631975409
0.992955159489,0.00704484051053
0.999701854278,0.00029814572224
0.756292597611,0.243707402389
0.997274624592,0.00272537540786
0.5,0.5
0.882171884169,0.117828115831
0.878950603284,0.121049396716
0.5,0.5
0.5,0.5
0.947845448241,0.0521545517587
0.784233499459,0.215766500541
0.5,0.5
0.831461389945,0.168538610055
0.999370666686,0.000629333313509
0.937451924093,0.0625480759071
0.999663716613,0.000336283386947
0.945910608789,0.0540893912109
0.5,0.5
0.999891461819,0.000108538181455
0.999891461819,0.000108538181455
0.999629178925,0.000370821074804
0.999320354946,0.00067964505357
0.926000058832,0.0739999411682
0.908707946085,0.0912920539148
0.629818906437,0.370181093563
0.898144881813,0.101855118187
0.798429906037,0.201570093963
0.756292597611,0.243707402389
0.777408898138,0.222591101862
0.945910608789,0.0540893912109
0.98453926201,0.0154607379895
0.997891210128,0.00210878987179
0.999999999949,5.06121811128e-11
0.970835646532,0.0291643534684
0.783894884445,0.216105115555
0.999343505807,0.000656494192917
0.994468173253,0.00553182674721
0.970732691609,0.0292673083911
0.946552167469,0.0534478325312
0.608640212611,0.391359787389
0.5,0.5
0.991550897016,0.00844910298398
0.5,0.5
0.673311289284,0.326688710716
0.5,0.5
0.839577792378,0.160422207622
0.99844336346,0.00155663654018
0.999982991154,1.70088457841e-05
0.989421742933,0.0105782570674
0.995939093985,0.0040609060149
0.932829607944,0.0671703920556
0.99999999999,9.77151692894e-12
0.995743574307,0.00425642569314
0.88160002965,0.11839997035
0.959838260387,0.0401617396131
0.999454149811,0.000545850188874
0.979131395603,0.0208686043974
0.992319801175,0.0076801988254
0.991650342104,0.00834965789557
0.811682517472,0.188317482528
0.870182122496,0.129817877504
0.999975214079,2.47859205386e-05
0.5,0.5
0.848378551862,0.151621448138
0.756292597611,0.243707402389
0.999447376034,0.000552623966094
0.963515462665,0.0364845373345
0.971798683335,0.0282013166649
0.5,0.5
0.979470716293,0.0205292837068
0.998960888909,0.00103911109117
0.971247873988,0.0287521260115
0.987894906408,0.0121050935922
0.945273176636,0.0547268233642
0.804561239516,0.195438760484
0.756292597611,0.243707402389
0.805560931094,0.194439068906
0.999916693444,8.33065558651e-05
0.997326127422,0.00267387257769
0.5,0.5
0.756292597611,0.243707402389
0.999469393967,0.000530606032642
0.999999999979,2.05198080749e-11
0.924776610987,0.0752233890133
0.994225256745,0.00577474325509
0.451153788911,0.548846211089
0.999849523027,0.000150476973076
0.5,0.5
0.971698753983,0.0283012460167
0.990251736273,0.00974826372699
0.756292597611,0.243707402389
0.995468227213,0.00453177278671
0.990148878426,0.00985112157389
0.957660788914,0.0423392110865
0.990148878426,0.00985112157389
0.5,0.5
0.946243228087,0.0537567719128
0.882985404899,0.117014595101
0.970357344159,0.0296426558413
0.756292597611,0.243707402389
0.5,0.5
0.982594666337,0.017405333663
0.5,0.5
0.927764747012,0.0722352529885
0.99719457257,0.00280542743039
0.5,0.5
0.875885407815,0.124114592185
0.756292597611,0.243707402389
0.999061548041,0.000938451958811
0.999293739572,0.000706260428251
0.999198929333,0.000801070666697
0.988676869799,0.011323130201
0.756292597611,0.243707402389
0.998730079181,0.00126992081881
0.602820223562,0.397179776438
0.999965141197,3.48588028746e-05
0.999174586227,0.000825413772765
0.868659724629,0.131340275371
0.997981580419,0.0020184195812
0.999887618631,0.000112381369313
0.996930970064,0.00306902993603
0.996794287364,0.00320571263619
0.891456923075,0.108543076925
0.995792163733,0.00420783626748
0.990141853012,0.00985814698833
0.98229248527,0.0177075147303
0.756292597611,0.243707402389
0.756292597611,0.243707402389
0.5,0.5
0.756292597611,0.243707402389
0.801821837704,0.198178162296
0.5,0.5
0.999832511774,0.000167488225909
0.999951162341,4.88376591484e-05
0.982934607296,0.0170653927038
0.932211679707,0.0677883202933
0.768437603754,0.231562396246
0.999979085355,2.09146452471e-05
0.5,0.5
0.88371699995,0.11628300005
0.999281000042,0.000718999958068
0.5,0.5
0.999949374777,5.06252230558e-05
0.966588735435,0.0334112645648
0.97977334549,0.0202266545103
0.999786583188,0.000213416812209
0.5,0.5
0.756292597611,0.243707402389
0.982517194684,0.0174828053161
0.756292597611,0.243707402389
0.999944525965,5.54740354963e-05
0.756292597611,0.243707402389
0.756292597611,0.243707402389
0.999879507193,0.000120492806963
0.5,0.5
0.999815777122,0.000184222878009
0.999815777122,0.000184222878009
0.680949771511,0.319050228489
0.99871416461,0.00128583539017
0.999933649307,6.63506929824e-05
0.961313132693,0.0386868673068
0.756292597611,0.243707402389
0.996186511069,0.00381348893149
0.931865830275,0.0681341697248
0.990017509292,0.009982490708
0.990148878426,0.00985112157389
0.992142045834,0.00785795416648
0.673311289284,0.326688710716
0.756292597611,0.243707402389
0.5,0.5
0.99964377795,0.000356222050031
0.998685495341,0.00131450465914
0.934316040127,0.0656839598731
0.999851069223,0.000148930777297
0.94305506897,0.0569449310304
0.756292597611,0.243707402389
0.5,0.5
0.896927277226,0.103072722774
0.999589559886,0.000410440114349
0.889396361428,0.110603638572
0.982338693892,0.0176613061085
0.970835646532,0.0291643534684
0.756292597611,0.243707402389
0.5,0.5
0.652385151274,0.347614848726
0.926381514731,0.073618485269
0.741551851648,0.258448148352
0.984264417055,0.0157355829447
0.5,0.5
0.99987137362,0.000128626380045
0.930171062098,0.0698289379018
0.5,0.5
0.523622400797,0.476377599203
0.987342661645,0.0126573383551
0.997571475671,0.00242852432932
0.5,0.5
0.995568915562,0.00443108443783
0.5,0.5
0.997754658976,0.0022453410239
0.976197864678,0.0238021353221
0.999588491793,0.000411508207428
0.5,0.5
0.996890162122,0.00310983787781
0.906944063826,0.0930559361735
0.996739048581,0.00326095141885
0.5,0.5
0.5,0.5
0.999851218057,0.000148781943108
0.992343314934,0.00765668506552
0.989173575891,0.0108264241094
0.999784520656,0.000215479344422
0.999885590268,0.000114409731591
0.875279715034,0.124720284966
0.994910382577,0.0050896174234
0.905929756747,0.094070243253
0.999991813615,8.18638469757e-06
0.5,0.5
0.997535183359,0.00246481664086
0.756292597611,0.243707402389
0.997566140054,0.00243385994636
0.931616520268,0.0683834797322
0.756292597611,0.243707402389
0.853044262433,0.146955737567
0.999881198771,0.000118801228725
0.94775243318,0.0522475668197
0.988230214681,0.0117697853189
0.5,0.5
0.985486554678,0.0145134453218
0.999999999998,1.91380244985e-12
0.997838264862,0.00216173513816
0.999717505799,0.000282494201258
0.999493206493,0.00050679350669
0.998907354264,0.00109264573598
0.756292597611,0.243707402389
0.999983086643,1.69133566561e-05
0.936047164604,0.0639528353959
0.756292597611,0.243707402389
0.97481796727,0.0251820327304
0.999156308834,0.000843691166101
0.756292597611,0.243707402389
0.99861794397,0.00138205602975
0.920048780612,0.0799512193877
0.993400434326,0.00659956567392
0.914287782054,0.0857122179464
0.998757578764,0.00124242123584
0.975891572069,0.0241084279311
0.999724555798,0.000275444202362
0.756292597611,0.243707402389
0.5,0.5
0.5,0.5
0.874126756628,0.125873243372
0.99932173907,0.000678260930339
0.999141238335,0.000858761665181
0.980961127066,0.0190388729338
0.998385154755,0.00161484524486
0.826021633093,0.173978366907
0.983174482971,0.0168255170292
0.756292597611,0.243707402389
0.5,0.5
0.977856523135,0.0221434768647
0.977856523135,0.0221434768647
0.944897428731,0.0551025712694
0.930667609764,0.0693323902357
0.864790283256,0.135209716744
0.957271462967,0.0427285370326
0.878950603284,0.121049396716
0.998918549448,0.00108145055152
0.756292597611,0.243707402389
0.997019234751,0.00298076524866
0.963838544178,0.0361614558225
0.996690852365,0.00330914763456
0.999270877928,0.000729122072481
0.965702057811,0.0342979421886
0.918231691189,0.081768308811
0.756292597611,0.243707402389
0.5,0.5
0.999615283858,0.000384716141597
0.998698310883,0.00130168911711
0.99990769962,9.23003795213e-05
0.5,0.5
0.944901073257,0.0550989267435
0.993795274222,0.00620472577757
0.99678708959,0.00321291040983
0.5,0.5
0.999846356205,0.000153643794784
0.985670474988,0.0143295250119
0.992200611632,0.00779938836835
0.992200611632,0.00779938836835
0.878950603284,0.121049396716
0.983144514992,0.0168554850077
0.983569193955,0.0164308060446
0.756292597611,0.243707402389
0.878950603284,0.121049396716
0.999387494535,0.000612505465008
0.958096534209,0.0419034657914
0.953224460486,0.0467755395142
0.998975391954,0.00102460804636
0.999704828854,0.000295171145764
0.999034511102,0.000965488897599
0.756292597611,0.243707402389
0.999056094357,0.000943905642869
0.99191069292,0.00808930707962
0.999931713488,6.82865122555e-05
0.998848525677,0.0011514743229
0.936690053975,0.063309946025
0.984920429872,0.0150795701277
0.964982769318,0.0350172306821
0.885621851071,0.114378148929
0.5,0.5
0.995855953928,0.00414404607158
0.958094526784,0.0419054732156
0.779196483689,0.220803516311
0.993692572698,0.00630742730198
0.842744240683,0.157255759317
0.998863982624,0.00113601737588
0.825611679257,0.174388320743
0.5,0.5
0.924886449679,0.0751135503214
0.999085812263,0.000914187737191
0.5,0.5
0.998729660571,0.00127033942938
0.985829205518,0.0141707944823
0.930541679498,0.0694583205016
0.5,0.5
0.964833105642,0.0351668943579
0.864920020844,0.135079979156
0.5,0.5
0.999999999631,3.68739705436e-10
0.999840275442,0.000159724558227
0.938842199726,0.0611578002743
0.98780344258,0.0121965574196
0.999182441332,0.000817558667656
0.5,0.5
0.998780702056,0.00121929794366
0.995214843947,0.0047851560534
0.979633357785,0.0203666422153
0.986506608802,0.0134933911979
0.977277832614,0.022722167386
0.984585619661,0.015414380339
0.5,0.5
0.992246983053,0.00775301694738
0.998207267598,0.00179273240233
0.756292597611,0.243707402389
0.999678158668,0.000321841331516
0.756292597611,0.243707402389
0.848378551862,0.151621448138
0.919453143451,0.080546856549
0.985003524315,0.0149964756848
0.999128584621,0.000871415379473
0.994171731489,0.00582826851088
0.999996834796,3.16520363375e-06
0.756292597611,0.243707402389
0.5,0.5
0.976829902758,0.0231700972415
0.871466740379,0.128533259621
0.764224227366,0.235775772634
0.972937214579,0.0270627854209
0.5,0.5
0.954225812341,0.0457741876587
0.931432815363,0.0685671846373
0.983175971724,0.0168240282762
0.987751165262,0.0122488347376
0.5,0.5
0.965500440424,0.0344995595756
0.998709906943,0.00129009305707
0.998983882852,0.00101611714757
0.998983882852,0.00101611714757
0.756292597611,0.243707402389
0.756292597611,0.243707402389
0.978743356963,0.0212566430368
0.756292597611,0.243707402389
0.996442488001,0.00355751199949
0.96280906241,0.0371909375898
0.999242984858,0.000757015142198
0.974973377324,0.0250266226765
0.973642722529,0.0263572774706
0.983047797889,0.0169522021115
0.995314098293,0.00468590170718
0.995651385963,0.00434861403732
0.998264062119,0.00173593788074
0.5,0.5
0.99997027374,2.97262600303e-05
0.5,0.5
0.5,0.5
0.5,0.5
0.5,0.5
0.965500440424,0.0344995595756
0.756292597611,0.243707402389
0.872716069138,0.127283930862
0.5,0.5
0.756292597611,0.243707402389
0.999856541314,0.000143458685667
0.756292597611,0.243707402389
0.756292597611,0.243707402389
0.756292597611,0.243707402389
0.932921031609,0.0670789683908
0.882593245082,0.117406754918
0.986134513474,0.0138654865263
0.956632956663,0.0433670433371
0.759908877555,0.240091122445
0.956496677467,0.0435033225326
0.985667649876,0.0143323501243
0.992885426569,0.00711457343117
0.5,0.5
0.5,0.5
0.966771685412,0.0332283145879
0.899667898955,0.100332101045
0.999568106698,0.000431893301889
0.785326283254,0.214673716746
0.997075841238,0.0029241587618
0.999983498289,1.65017107298e-05
0.997565387277,0.00243461272271
0.5,0.5
0.591744077233,0.408255922767
0.756292597611,0.243707402389
0.756292597611,0.243707402389
0.853914624128,0.146085375872
0.783955863542,0.216044136458
0.999999999881,1.18822507389e-10
0.695402588608,0.304597411392
0.981093648621,0.0189063513791
0.756292597611,0.243707402389
0.887860400029,0.112139599971
0.991281920484,0.00871807951609
0.756292597611,0.243707402389
0.969879621705,0.0301203782954
0.998153416844,0.00184658315619
0.756292597611,0.243707402389
0.947884487646,0.0521155123537
0.999972642158,2.73578415726e-05
0.872757164081,0.127242835919
0.529508169949,0.470491830051
0.882985404899,0.117014595101
0.943241129388,0.0567588706122
0.99739493711,0.00260506289016
0.501347496738,0.498652503262
0.990245942628,0.00975405737207
0.5,0.5
0.981235026703,0.0187649732971
0.999417675377,0.000582324623007
0.999581999566,0.000418000433725
0.848378551862,0.151621448138
0.942727678651,0.0572723213493
0.756292597611,0.243707402389
0.957506850464,0.0424931495364
0.99635533681,0.00364466318973
0.994735653444,0.00526434655583
0.990612179895,0.00938782010476
0.895010020309,0.104989979691
0.998746385626,0.00125361437401
0.825847675518,0.174152324482
0.5,0.5
0.5,0.5
0.5,0.5
0.5,0.5
0.996442488001,0.00355751199949
0.994033971978,0.00596602802249
0.857474437682,0.142525562318
0.887860400029,0.112139599971
0.5,0.5
0.756292597611,0.243707402389
0.5,0.5
0.929445322225,0.0705546777752
0.807924486086,0.192075513914
0.5,0.5
0.892912276779,0.107087723221
0.756292597611,0.243707402389
0.989701040016,0.0102989599843
0.756292597611,0.243707402389
0.988250668114,0.0117493318863
0.999999999986,1.40536471349e-11
0.985001899355,0.0149981006455
0.997850267893,0.00214973210679
0.98666475775,0.0133352422498
0.98577756376,0.0142224362399
0.5,0.5
0.999555284059,0.00044471594082
0.98930186415,0.0106981358497
0.913147805711,0.0868521942894
0.946244754076,0.0537552459238
0.991267995733,0.00873200426717
0.756292597611,0.243707402389
0.947515231073,0.0524847689274
0.999979082217,2.09177826135e-05
0.756292597611,0.243707402389
0.99984912832,0.000150871680105
0.999529822506,0.00047017749385
0.5,0.5
0.999023003486,0.000976996513909
0.5,0.5
0.939281112635,0.0607188873645
0.961915161728,0.0380848382716
0.977208669752,0.0227913302483
0.910271952303,0.0897280476973
0.756292597611,0.243707402389
0.999153564702,0.000846435298268
0.756292597611,0.243707402389
0.467075213314,0.532924786686
0.914532748634,0.0854672513663
0.756292597611,0.243707402389
0.5,0.5
0.999999999788,2.11946016293e-10
0.546834798284,0.453165201716
0.5,0.5
0.997429907532,0.00257009246833
0.997429907532,0.00257009246833
0.999809307945,0.000190692054673
0.984536521865,0.0154634781352
0.997642163036,0.00235783696368
0.960640769184,0.0393592308155
0.984536521865,0.0154634781352
0.5,0.5
0.999100920849,0.000899079151379
0.5,0.5
0.5,0.5
0.97818604544,0.0218139545603
0.899541456428,0.100458543572
0.988276648967,0.0117233510334
0.916489634847,0.0835103651529
0.726435048617,0.273564951383
0.890344028121,0.109655971879
0.961126004965,0.0388739950346
0.696151904617,0.303848095383
0.5,0.5
0.905824029462,0.094175970538
0.999130315506,0.000869684493805
0.994079109908,0.00592089009171
0.916478153672,0.0835218463277
0.999996279319,3.72068145105e-06
0.883983912797,0.116016087203
0.998189029903,0.00181097009737
0.999868702039,0.000131297960937
0.96314100013,0.0368589998698
0.964573981573,0.0354260184272
0.935714722071,0.0642852779287
0.756292597611,0.243707402389
0.5,0.5
0.5,0.5
0.999999999894,1.05579101017e-10
0.999861689351,0.000138310649383
0.994417108984,0.00558289101563
0.994993404673,0.00500659532718
0.955893949381,0.0441060506191
0.943340626711,0.0566593732891
0.5,0.5
0.974113595082,0.0258864049176
0.958902810975,0.0410971890251
0.593250687906,0.406749312094
0.756292597611,0.243707402389
0.958902810975,0.0410971890251
0.937451924093,0.0625480759071
0.971093885332,0.0289061146678
0.814072104107,0.185927895893
0.756292597611,0.243707402389
0.5,0.5
0.5,0.5
0.999670814534,0.000329185465977
0.756292597611,0.243707402389
0.957517427951,0.0424825720494
0.99748887466,0.00251112534045
0.5,0.5
0.5,0.5
0.94595254771,0.0540474522903
0.756292597611,0.243707402389
0.983885657902,0.0161143420978
0.756292597611,0.243707402389
0.998456071477,0.00154392852336
0.5,0.5
0.99996651937,3.34806304729e-05
0.756292597611,0.243707402389
0.993135200666,0.00686479933417
0.965871566249,0.0341284337509
0.912104022347,0.0878959776535
0.5,0.5
0.845898773766,0.154101226234
0.756292597611,0.243707402389
0.974075491199,0.0259245088008
0.999785875759,0.000214124240746
0.997301696268,0.00269830373225
0.5,0.5
0.959505426753,0.0404945732475
0.876200323779,0.123799676221
0.829443730045,0.170556269955
0.812582698143,0.187417301857
0.688088935758,0.311911064242
0.995315357389,0.00468464261069
0.999206576744,0.000793423256244
0.967346351272,0.0326536487276
0.756292597611,0.243707402389
0.994509498227,0.00549050177315
0.999798524243,0.000201475757084
0.999798524243,0.000201475757084
0.981482537207,0.018517462793
0.969815579049,0.030184420951
0.5,0.5
0.998288103337,0.00171189666274
0.5,0.5
0.996833920168,0.00316607983188
0.999719285033,0.000280714967385
0.976655441417,0.0233445585835
0.980884590162,0.0191154098377
0.942375174685,0.0576248253148
0.998544835352,0.00145516464828
0.5,0.5
0.942621762059,0.0573782379411
0.756292597611,0.243707402389
0.954020521288,0.0459794787123
0.916478153672,0.0835218463277
0.996133879052,0.00386612094771
0.990519946087,0.00948005391349
0.5,0.5
0.995124280737,0.00487571926265
0.929488590592,0.0705114094085
0.971032066075,0.0289679339254
0.989984545675,0.0100154543254
0.952320949443,0.0476790505569
0.864790283256,0.135209716744
0.998998545621,0.0010014543794
0.952595355337,0.0474046446634
0.817735499119,0.182264500881
0.773287813452,0.226712186548
0.987961691699,0.0120383083006
0.756292597611,0.243707402389
0.756292597611,0.243707402389
0.773273788044,0.226726211956
0.999186109093,0.000813890906619
0.756292597611,0.243707402389
0.932181340742,0.0678186592575
0.827151159409,0.172848840591
0.965500440424,0.0344995595756
0.999186109093,0.000813890906619
0.756292597611,0.243707402389
0.99979410123,0.000205898769537
0.975666575369,0.0243334246314
0.999145893335,0.000854106664902
0.946598692221,0.0534013077794
0.996738203389,0.00326179661059
0.999186109093,0.000813890906619
0.954079265131,0.0459207348694
0.756292597611,0.243707402389
0.960891813231,0.0391081867688
0.992784269825,0.00721573017536
0.997239887746,0.00276011225387
0.997239887746,0.00276011225387
0.864790283256,0.135209716744
0.967456726475,0.0325432735245
0.998497288058,0.00150271194168
0.5,0.5
0.747914433833,0.252085566167
0.5,0.5
0.99593788048,0.00406211951996
0.999662159915,0.000337840084519
0.5,0.5
0.870977574574,0.129022425426
0.891743970723,0.108256029277
0.941553534955,0.0584464650454
0.756292597611,0.243707402389
0.5,0.5
0.992042570503,0.00795742949689
0.853914624128,0.146085375872
0.5,0.5
0.958984308524,0.0410156914762
0.998144789169,0.00185521083098
0.986037235359,0.0139627646414
0.993533867631,0.0064661323689
0.5,0.5
0.989513451307,0.0104865486927
0.5,0.5
0.854547187241,0.145452812759
0.5,0.5
0.993355241517,0.00664475848284
0.976464994656,0.0235350053437
0.900045478844,0.0999545211556
0.5,0.5
0.981044245351,0.0189557546491
0.965240353141,0.034759646859
0.5,0.5
0.956783302712,0.0432166972878
0.991145977928,0.00885402207157
0.999877842842,0.000122157157667
0.923623537823,0.0763764621775
0.83825888726,0.16174111274
0.999540742436,0.000459257564284
0.756292597611,0.243707402389
0.5,0.5
0.5,0.5
0.5,0.5
0.756292597611,0.243707402389
0.999206243701,0.000793756299437
0.756292597611,0.243707402389
0.999999999999,6.32383034826e-13
1.0,1.43884903991e-13
0.923518362239,0.0764816377611
0.754042504509,0.245957495491
0.999951678228,4.83217724776e-05
0.99996644664,3.35533598862e-05
0.923860928937,0.0761390710635
0.5,0.5
0.5,0.5
0.756292597611,0.243707402389
0.908086356356,0.0919136436445
0.999980417409,1.9582591351e-05
0.756292597611,0.243707402389
0.756292597611,0.243707402389
0.756292597611,0.243707402389
0.5,0.5
0.99994557976,5.44202396057e-05
0.999215947331,0.000784052668862
0.756292597611,0.243707402389
0.981459441388,0.0185405586119
0.997429907532,0.00257009246833
0.756292597611,0.243707402389
0.983519182287,0.0164808177128
0.85156390269,0.14843609731
0.756292597611,0.243707402389
0.982338693892,0.0176613061085
0.97463468428,0.0253653157196
0.653210167449,0.346789832551
0.5,0.5
0.999999999966,3.35995675727e-11
0.5,0.5
0.914823844701,0.0851761552995
0.5,0.5
0.831130416497,0.168869583503
0.837889767758,0.162110232242
0.893832465663,0.106167534337
0.582241063208,0.417758936792
0.996575945589,0.00342405441054
0.999998433727,1.56627312486e-06
0.905929756747,0.094070243253
0.963923491279,0.0360765087208
0.999998756662,1.24333752294e-06
0.893832465663,0.106167534337
0.893832465663,0.106167534337
0.893832465663,0.106167534337
0.5,0.5
0.995698368502,0.00430163149787
0.999363525801,0.000636474198807
0.998685377186,0.00131462281435
0.920743349123,0.0792566508769
0.920743349123,0.0792566508769
0.920743349123,0.0792566508769
0.920743349123,0.0792566508769
0.993807348338,0.00619265166201
0.993807348338,0.00619265166201
0.920743349123,0.0792566508769
0.99967189214,0.000328107860155
0.756292597611,0.243707402389
0.999999999999,1.30517818775e-12
0.995006091552,0.00499390844806
0.5,0.5
0.999783700454,0.000216299546217
0.900033782966,0.0999662170338
0.999600780553,0.00039921944725
0.828361623348,0.171638376652
0.96934158837,0.0306584116295
0.999998185484,1.81451595993e-06
0.945545679232,0.0544543207681
0.5,0.5
0.990830493448,0.00916950655234
0.916967505135,0.0830324948646
0.916967505135,0.0830324948646
0.996172810404,0.00382718959624
0.756292597611,0.243707402389
0.756292597611,0.243707402389
0.986643953044,0.0133560469563
0.944010335315,0.0559896646854
0.992957257742,0.00704274225763
0.97889573536,0.0211042646399
0.938610973675,0.0613890263248
0.837889767758,0.162110232242
0.875020763469,0.124979236531
0.756292597611,0.243707402389
0.837889767758,0.162110232242
0.837889767758,0.162110232242
0.837889767758,0.162110232242
0.837889767758,0.162110232242
0.837889767758,0.162110232242
0.765624982592,0.234375017408
0.5,0.5
0.977911239408,0.0220887605921
0.773447309308,0.226552690692
0.999996866291,3.13370942995e-06
0.756292597611,0.243707402389
0.5,0.5
0.986259475223,0.0137405247769
0.5,0.5
0.962274373137,0.037725626863
0.953086938851,0.0469130611486
0.99365983414,0.0063401658595
0.756292597611,0.243707402389
0.989498602405,0.0105013975953
0.999638977793,0.000361022206602
0.756292597611,0.243707402389
0.967865720449,0.0321342795506
0.999274149229,0.000725850770656
0.756292597611,0.243707402389
0.916489634847,0.0835103651529
0.871614524342,0.128385475658
0.89878619316,0.10121380684
0.990852091523,0.00914790847735
0.985494705022,0.0145052949784
0.756292597611,0.243707402389
0.999999999948,5.18098897118e-11
0.95403850274,0.0459614972596
0.756292597611,0.243707402389
0.999487788198,0.000512211801824
0.992016952773,0.00798304722728
0.966834270605,0.0331657293954
0.892934267378,0.107065732622
0.976132718195,0.0238672818052
0.975974249273,0.0240257507273
0.5,0.5
0.5,0.5
0.81729540668,0.18270459332
0.883613170843,0.116386829157
0.883613170843,0.116386829157
0.883613170843,0.116386829157
0.966982733894,0.0330172661057
0.958639945158,0.041360054842
0.995413906205,0.00458609379548
0.999355904984,0.000644095015894
0.93662835209,0.0633716479104
0.682468641695,0.317531358305
0.756292597611,0.243707402389
0.5,0.5
0.864137669675,0.135862330325
0.5,0.5
0.992430274857,0.00756972514292
0.971845509809,0.0281544901907
0.5,0.5
0.924776610987,0.0752233890133
0.898460969122,0.101539030878
0.999995297728,4.70227227978e-06
0.998179932564,0.00182006743611
0.756292597611,0.243707402389
0.996039592168,0.00396040783249
0.908649858999,0.0913501410013
0.993058212645,0.00694178735517
0.95161957228,0.0483804277196
0.990915773667,0.00908422633268
0.995833028133,0.00416697186724
0.988391599983,0.0116084000174
0.999912547735,8.74522650203e-05
0.918945868767,0.0810541312333
0.82129706046,0.17870293954
0.971056528098,0.0289434719018
0.901820671581,0.098179328419
0.782119364557,0.217880635443
0.993533867631,0.0064661323689
0.999447580354,0.000552419645982
0.5,0.5
0.5,0.5
0.992001336585,0.00799866341541
0.988673062895,0.0113269371052
0.999581556436,0.000418443563598
0.994411387797,0.00558861220265
0.756292597611,0.243707402389
0.991888275571,0.00811172442918
0.999908804153,9.11958469267e-05
0.905929756747,0.094070243253
0.864790283256,0.135209716744
0.999580509458,0.000419490541852
0.928540954986,0.071459045014
0.928540954986,0.071459045014
0.999029792584,0.000970207416025
0.997443585754,0.00255641424618
0.992771004958,0.00722899504182
0.916489634847,0.0835103651529
0.5,0.5
0.916489634847,0.0835103651529
0.990017509292,0.009982490708
0.887664108418,0.112335891582
0.756292597611,0.243707402389
0.967788187012,0.0322118129883
0.990034690781,0.00996530921917
0.915520975299,0.0844790247008
0.891365933812,0.108634066188
0.916489634847,0.0835103651529
0.999054178097,0.000945821903354
0.994709563279,0.00529043672063
0.891365933812,0.108634066188
0.934588607503,0.0654113924966
0.756292597611,0.243707402389
0.8423223473,0.1576776527
0.891869404486,0.108130595514
0.891869404486,0.108130595514
0.878950603284,0.121049396716
0.897889367125,0.102110632875
0.978884783377,0.021115216623
0.999486722236,0.000513277763742
0.998013197624,0.0019868023763
0.5,0.5
0.998469990266,0.00153000973417
0.920619933589,0.0793800664107
0.756292597611,0.243707402389
0.777408898138,0.222591101862
0.73237579754,0.26762420246
0.977101966947,0.0228980330531
0.980764597356,0.0192354026437
0.998540265634,0.00145973436614
0.756292597611,0.243707402389
0.756292597611,0.243707402389
0.990118594797,0.00988140520307
0.97758270198,0.0224172980202
0.5,0.5
0.756292597611,0.243707402389
0.997593109928,0.00240689007216
0.972673459109,0.0273265408906
0.998821436857,0.00117856314265
0.731390723019,0.268609276981
0.99999826314,1.73685988858e-06
0.400651802517,0.599348197483
0.928116465928,0.0718835340723
0.852256515642,0.147743484358
0.698090195045,0.301909804955
0.852256515642,0.147743484358
0.5,0.5
0.998516223687,0.00148377631282
0.999999999881,1.18822507389e-10
0.956693900667,0.0433060993328
0.992526127015,0.00747387298493
0.999991232149,8.76785147019e-06
0.913831380442,0.0861686195581
0.999976601377,2.33986226393e-05
0.99981749309,0.000182506909832
0.983095061121,0.0169049388787
0.756292597611,0.243707402389
0.611295247939,0.388704752061
0.946703737788,0.0532962622119
0.756292597611,0.243707402389
0.988127535939,0.0118724640612
0.756292597611,0.243707402389
0.979280645429,0.0207193545709
0.999087837659,0.000912162340667
0.999087837659,0.000912162340667
0.756292597611,0.243707402389
0.905929756747,0.094070243253
0.99502419556,0.00497580443994
0.999343361457,0.00065663854268
0.918134031177,0.0818659688233
0.972921675313,0.0270783246871
0.756292597611,0.243707402389
0.756292597611,0.243707402389
0.984490018882,0.0155099811178
0.984265810912,0.0157341890877
0.908649858999,0.0913501410013
0.5,0.5
0.999446375433,0.000553624566981
0.999446375433,0.000553624566981
0.5,0.5
0.5,0.5
0.963448964474,0.0365510355261
0.837819123484,0.162180876516
0.756292597611,0.243707402389
0.5,0.5
0.853044262433,0.146955737567
0.991901299587,0.00809870041287
0.683220132149,0.316779867851
0.5,0.5
0.920743349123,0.0792566508769
0.756292597611,0.243707402389
0.94517324842,0.0548267515797
0.94517324842,0.0548267515797
0.94517324842,0.0548267515797
0.930516468059,0.0694835319408
0.958969752692,0.0410302473076
0.844585469378,0.155414530622
0.958969752692,0.0410302473076
0.94517324842,0.0548267515797
0.958969752692,0.0410302473076
0.862306431686,0.137693568314
0.958969752692,0.0410302473076
0.982276998,0.0177230020003
0.908649858999,0.0913501410013
0.962049017125,0.0379509828752
0.698090195045,0.301909804955
0.94557399127,0.0544260087305
0.999844285402,0.000155714597933
0.94517324842,0.0548267515797
0.838142253743,0.161857746257
0.838142253743,0.161857746257
0.889561515743,0.110438484257
0.756292597611,0.243707402389
0.756292597611,0.243707402389
0.838142253743,0.161857746257
0.960012139149,0.039987860851
0.973169787989,0.0268302120115
0.946982069934,0.0530179300655
0.908649858999,0.0913501410013
0.994314135466,0.00568586453355
0.836087428213,0.163912571787
0.864790283256,0.135209716744
0.972229295304,0.027770704696
0.99980181472,0.00019818528046
0.960102255444,0.0398977445559
0.999996436415,3.56358476394e-06
0.5,0.5
0.962267475074,0.0377325249256
0.756292597611,0.243707402389
0.945482312985,0.0545176870149
0.996145415395,0.0038545846049
0.946253909152,0.0537460908477
0.997978112775,0.00202188722485
0.963164778028,0.0368352219717
0.992718787294,0.00728121270626
0.999987342399,1.26576009493e-05
0.983204728845,0.0167952711545
0.999999163476,8.36523823877e-07
0.756292597611,0.243707402389
0.872450344831,0.127549655169
0.99856383254,0.00143616745974
0.93900678062,0.06099321938
0.793730431764,0.206269568236
0.939253160888,0.0607468391115
0.991340919915,0.00865908008541
0.996070281406,0.00392971859407
0.998237134064,0.00176286593592
0.996522160118,0.00347783988152
0.90408838185,0.0959116181502
0.992096384881,0.00790361511854
0.756292597611,0.243707402389
0.970535447607,0.0294645523932
0.801632674526,0.198367325474
0.996609764853,0.00339023514728
0.999999516798,4.83202274526e-07
0.999955525496,4.44745040584e-05
0.870012580591,0.129987419409
0.99973338547,0.000266614530134
0.992888463426,0.00711153657365
0.997441723666,0.00255827633395
0.988983026062,0.0110169739381
0.999989258875,1.07411248345e-05
0.83607783482,0.16392216518
0.996183470705,0.00381652929518
0.990336510691,0.00966348930944
0.91128930836,0.0887106916397
0.5,0.5
0.763343788341,0.236656211659
0.949863547417,0.0501364525826
0.756292597611,0.243707402389
0.996353774984,0.00364622501629
0.972862335746,0.027137664254
0.972862335746,0.027137664254
0.916489634847,0.0835103651529
0.933746085853,0.0662539141467
0.965640066464,0.0343599335361
0.965640066464,0.0343599335361
0.949643072297,0.0503569277031
0.992662262972,0.00733773702844
0.999686014589,0.000313985411064
0.979849304796,0.0201506952038
0.756292597611,0.243707402389
0.756292597611,0.243707402389
0.99423563938,0.00576436061966
0.997849688635,0.00215031136456
0.870012580591,0.129987419409
0.838142253743,0.161857746257
0.5,0.5
0.838142253743,0.161857746257
0.838142253743,0.161857746257
0.891743970723,0.108256029277
0.94517324842,0.0548267515797
0.94517324842,0.0548267515797
0.861531648344,0.138468351656
0.993033213223,0.00696678677678
0.972608529542,0.0273914704577
0.94517324842,0.0548267515797
0.94517324842,0.0548267515797
0.838142253743,0.161857746257
0.5,0.5
0.838142253743,0.161857746257
0.838142253743,0.161857746257
0.838142253743,0.161857746257
0.838142253743,0.161857746257
0.838142253743,0.161857746257
0.985983024402,0.0140169755984
0.838142253743,0.161857746257
0.989315297082,0.0106847029181
0.878950603284,0.121049396716
0.868005752517,0.131994247483
0.756292597611,0.243707402389
0.948630268312,0.051369731688
0.588916971836,0.411083028164
0.5,0.5
0.8262169919,0.1737830081
0.8262169919,0.1737830081
0.5,0.5
0.991217823134,0.00878217686585
0.997429907532,0.00257009246833
0.608640212611,0.391359787389
0.985574539154,0.0144254608459
0.5,0.5
0.942874899335,0.0571251006655
0.966931612307,0.0330683876935
0.74704994774,0.25295005226
0.85871524764,0.14128475236
0.966803152725,0.0331968472749
0.992906587133,0.00709341286741
0.5,0.5
0.916489634847,0.0835103651529
0.989713366109,0.0102866338909
0.999956871785,4.31282152382e-05
0.997868849756,0.00213115024397
0.999999999949,5.0782933414e-11
0.619255640631,0.380744359369
0.982068462689,0.0179315373108
0.962548943689,0.0374510563106
0.911237556433,0.0887624435674
0.976762359766,0.0232376402336
0.987858138584,0.0121418614157
0.999402864984,0.000597135015591
0.959946442584,0.0400535574157
0.999402864984,0.000597135015591
0.990933759409,0.00906624059132
0.987758059662,0.0122419403381
0.99080183006,0.00919816993967
0.993960282444,0.00603971755574
0.999006229501,0.00099377049867
0.5,0.5
0.905824029462,0.094175970538
0.976564755556,0.0234352444442
0.837819123484,0.162180876516
0.537039522046,0.462960477954
0.94517324842,0.0548267515797
0.94517324842,0.0548267515797
0.996008385933,0.00399161406695
0.952764408632,0.047235591368
0.9516476488,0.0483523512004
0.756292597611,0.243707402389
0.94517324842,0.0548267515797
0.891987003061,0.108012996939
0.999836990654,0.000163009345795
0.94517324842,0.0548267515797
0.756292597611,0.243707402389
0.5,0.5
0.756292597611,0.243707402389
0.838142253743,0.161857746257
0.787605176226,0.212394823774
0.5,0.5
0.756292597611,0.243707402389
0.5,0.5
0.756292597611,0.243707402389
0.986631692269,0.0133683077309
0.95312448283,0.0468755171701
0.5,0.5
0.5,0.5
0.842905855275,0.157094144725
0.756292597611,0.243707402389
0.5,0.5
0.999393621732,0.000606378267891
0.979903530979,0.0200964690211
0.756292597611,0.243707402389
0.998157540948,0.00184245905169
0.981193921955,0.0188060780452
0.828361623348,0.171638376652
0.971878052093,0.0281219479072
0.980207670612,0.0197923293882
0.756292597611,0.243707402389
0.878950603284,0.121049396716
0.994382750153,0.00561724984694
0.999005107024,0.000994892976188
0.999005107024,0.000994892976188
0.848378551862,0.151621448138
0.999402864984,0.000597135015591
0.999402864984,0.000597135015591
0.997838523694,0.00216147630618
0.838142253743,0.161857746257
0.756292597611,0.243707402389
1.0,1.32338584535e-13
0.968800903839,0.0311990961606
0.878950603284,0.121049396716
0.838142253743,0.161857746257
0.838142253743,0.161857746257
0.838142253743,0.161857746257
0.94517324842,0.0548267515797
0.935660563424,0.0643394365758
0.5,0.5
0.756292597611,0.243707402389
0.5,0.5
0.756292597611,0.243707402389
0.999885031798,0.000114968201698
0.999986139311,1.38606889065e-05
0.996155768782,0.0038442312182
0.996155768782,0.0038442312182
0.5,0.5
0.992676089425,0.00732391057515
0.998719674768,0.00128032523235
0.998719674768,0.00128032523235
0.999622706578,0.000377293422352
0.9966350448,0.00336495520034
0.999731821623,0.00026817837665
0.999926510902,7.34890978148e-05
0.97401734724,0.0259826527597
0.997429907532,0.00257009246833
0.999278625137,0.000721374862761
0.992676089425,0.00732391057515
0.999806585196,0.00019341480368
0.99901281951,0.000987180489902
0.999121644143,0.000878355857443
0.999908666356,9.1333644089e-05
0.756292597611,0.243707402389
0.756292597611,0.243707402389
0.920953262715,0.0790467372845
0.998015417183,0.00198458281696
0.998015417183,0.00198458281696
0.999739169781,0.000260830218996
0.999739169781,0.000260830218996
0.99973223419,0.000267765810293
0.912475301809,0.0875246981914
0.804561239516,0.195438760484
0.999433943248,0.000566056751555
0.999433943248,0.000566056751555
0.756292597611,0.243707402389
0.891734316679,0.108265683321
0.998379016635,0.00162098336481
0.986849269454,0.0131507305461
0.756292597611,0.243707402389
0.756292597611,0.243707402389
0.5,0.5
0.756292597611,0.243707402389
0.999859458895,0.00014054110482
0.756292597611,0.243707402389
0.99881613949,0.00118386051016
0.756292597611,0.243707402389
0.878950603284,0.121049396716
0.992676089425,0.00732391057515
0.989058601925,0.0109413980746
0.990054206523,0.00994579347744
0.738601023033,0.261398976967
0.999999999979,2.13455919607e-11
0.980764597356,0.0192354026437
0.954131373273,0.0458686267274
0.963728594136,0.0362714058641
0.99186749072,0.00813250927995
0.986568764146,0.0134312358541
0.986568764146,0.0134312358541
0.999958899123,4.11008768673e-05
0.999892897807,0.000107102192636
0.756292597611,0.243707402389
0.999999999998,2.32391883515e-12
0.5,0.5
0.986568764146,0.0134312358541
0.5,0.5
0.762203805495,0.237796194505
0.986275998521,0.0137240014795
0.992824133349,0.00717586665112
0.95312448283,0.0468755171701
0.756292597611,0.243707402389
0.5,0.5
0.997440294298,0.00255970570176
1.0,3.43725048424e-13
0.5,0.5
0.997677880238,0.00232211976173
0.994658006138,0.00534199386185
0.987727671365,0.0122723286346
0.82479382172,0.17520617828
0.945369318127,0.0546306818725
0.939281112635,0.0607188873645
0.992762603333,0.00723739666665
0.905929756747,0.094070243253
0.986568764146,0.0134312358541
0.927656774787,0.0723432252129
0.999725910024,0.000274089975554
0.756292597611,0.243707402389
0.999976837667,2.31623333175e-05
0.756292597611,0.243707402389
0.5,0.5
0.756292597611,0.243707402389
0.95312448283,0.0468755171701
0.95312448283,0.0468755171701
0.995201729885,0.00479827011483
0.990054206523,0.00994579347744
0.959343481608,0.0406565183921
0.990054206523,0.00994579347744
0.990054206523,0.00994579347744
0.95312448283,0.0468755171701
0.896677397993,0.103322602007
0.95312448283,0.0468755171701
0.756292597611,0.243707402389
0.756292597611,0.243707402389
0.992676089425,0.00732391057515
0.999806585196,0.00019341480368
0.999928119956,7.18800440928e-05
0.756292597611,0.243707402389
0.842905855275,0.157094144725
0.5,0.5
0.756292597611,0.243707402389
0.990054206523,0.00994579347744
0.990054206523,0.00994579347744
0.5,0.5
0.980172913683,0.0198270863166
0.5,0.5
0.901691327107,0.0983086728929
0.901691327107,0.0983086728929
0.968954987776,0.031045012224
0.968954987776,0.031045012224
0.968954987776,0.031045012224
0.992160112397,0.00783988760284
0.999360439774,0.000639560225902
0.968954987776,0.031045012224
0.657476780717,0.342523219283
0.997429907532,0.00257009246833
0.990538989188,0.00946101081184
0.932804540193,0.0671954598075
0.998898829724,0.00110117027646
0.5,0.5
0.999930984471,6.90155291936e-05
0.963827389304,0.0361726106956
0.95312448283,0.0468755171701
0.999999999961,3.85722564999e-11
0.756292597611,0.243707402389
0.885844512815,0.114155487185
0.95312448283,0.0468755171701
0.95312448283,0.0468755171701
0.88921818534,0.11078181466
0.988740948705,0.0112590512954
0.91872586817,0.0812741318296
0.5,0.5
0.994800811645,0.00519918835494
0.995201729885,0.00479827011483
0.5,0.5
0.97881916193,0.0211808380703
0.756292597611,0.243707402389
0.98229248527,0.0177075147303
0.639328307452,0.360671692548
0.864790283256,0.135209716744
0.988672614941,0.0113273850595
0.970441793385,0.0295582066145
0.838142253743,0.161857746257
0.838142253743,0.161857746257
0.998928763629,0.00107123637111
0.992485739284,0.00751426071648
0.838142253743,0.161857746257
0.996221452883,0.00377854711684
0.995201729885,0.00479827011483
0.920209726751,0.0797902732495
0.838142253743,0.161857746257
0.882802400633,0.117197599367
0.999961391906,3.8608094213e-05
0.94517324842,0.0548267515797
0.838142253743,0.161857746257
0.994675353068,0.00532464693225
0.838142253743,0.161857746257
0.838142253743,0.161857746257
0.94517324842,0.0548267515797
0.838142253743,0.161857746257
0.997429907532,0.00257009246833
0.905929756747,0.094070243253
0.94517324842,0.0548267515797
0.989045066548,0.0109549334522
0.756292597611,0.243707402389
0.5,0.5
0.998648921332,0.00135107866806
0.838142253743,0.161857746257
0.94517324842,0.0548267515797
0.838142253743,0.161857746257
0.963421134391,0.0365788656092
0.987858618352,0.0121413816476
0.94517324842,0.0548267515797
0.94517324842,0.0548267515797
0.999997983973,2.01602659466e-06
0.94517324842,0.0548267515797
0.95312448283,0.0468755171701
0.95312448283,0.0468755171701
0.997429907532,0.00257009246833
0.976659544991,0.0233404550093
0.981329801452,0.0186701985482
0.95312448283,0.0468755171701
0.95312448283,0.0468755171701
0.997429907532,0.00257009246833
0.992574705997,0.0074252940029
0.999999536964,4.63036263443e-07
0.5,0.5
0.958888621675,0.0411113783247
0.958888621675,0.0411113783247
0.98035997019,0.0196400298099
0.756292597611,0.243707402389
0.557682042662,0.442317957338
0.557682042662,0.442317957338
0.993594804345,0.00640519565458
0.98035997019,0.0196400298099
0.970724451371,0.0292755486286
0.756292597611,0.243707402389
0.608640212611,0.391359787389
0.756292597611,0.243707402389
0.999788805536,0.000211194464386
0.999420971695,0.000579028304751
0.999087181266,0.000912818734325
0.878950603284,0.121049396716
0.845670516087,0.154329483913
0.826051810105,0.173948189895
0.995832862145,0.00416713785486
0.995832862145,0.00416713785486
0.967381710635,0.0326182893649
0.973846228267,0.0261537717334
0.964644647593,0.0353553524073
0.756292597611,0.243707402389
0.5,0.5
0.95312448283,0.0468755171701
0.756292597611,0.243707402389
0.985841354267,0.0141586457327
0.756292597611,0.243707402389
0.95312448283,0.0468755171701
0.95312448283,0.0468755171701
0.892934267378,0.107065732622
0.999922422846,7.75771540911e-05
0.756292597611,0.243707402389
0.838142253743,0.161857746257
0.999999999922,7.79034614595e-11
0.994592735419,0.00540726458089
0.94517324842,0.0548267515797
0.94517324842,0.0548267515797
0.985357553954,0.0146424460463
0.922569360558,0.0774306394418
0.99973552518,0.00026447481997
0.999750659063,0.000249340937276
0.95312448283,0.0468755171701
0.945910608789,0.0540893912109
0.95312448283,0.0468755171701
0.999999999881,1.18822507389e-10
0.998387249307,0.00161275069344
0.5,0.5
0.800873068484,0.199126931516
0.756292597611,0.243707402389
0.997429907532,0.00257009246833
0.996804687632,0.00319531236765
0.997009172902,0.00299082709761
0.5,0.5
0.999624069398,0.000375930601803
0.95312448283,0.0468755171701
0.998766739768,0.00123326023173
0.95312448283,0.0468755171701
0.878284049007,0.121715950993
0.999287722184,0.000712277816028
0.90613834073,0.0938616592701
0.5,0.5
0.987029853601,0.0129701463991
0.997429907532,0.00257009246833
0.756292597611,0.243707402389
0.997429907532,0.00257009246833
0.973787073438,0.0262129265617
0.997429907532,0.00257009246833
0.95312448283,0.0468755171701
0.924809995298,0.075190004702
0.997429907532,0.00257009246833
0.999985189361,1.48106386051e-05
0.995551190448,0.00444880955219
0.997040378852,0.00295962114768
0.984375081112,0.0156249188876
0.977301137097,0.022698862903
0.991250840654,0.00874915934611
0.913831380442,0.0861686195581
0.973928115854,0.0260718841457
0.941557386969,0.0584426130311
0.993846917424,0.00615308257641
0.756292597611,0.243707402389
0.848378551862,0.151621448138
0.5,0.5
0.5,0.5
0.999969778296,3.02217038201e-05
0.955148937264,0.0448510627363
0.999075469908,0.000924530092413
0.999670518231,0.000329481768598
0.756292597611,0.243707402389
0.916489634847,0.0835103651529
0.999863448205,0.000136551795498
0.994707142002,0.00529285799767
0.608640212611,0.391359787389
0.756743883571,0.243256116429
0.976209711953,0.0237902880468
0.970445235333,0.0295547646666
0.5,0.5
0.979366298618,0.0206337013821
0.999965644016,3.43559836976e-05
0.999965644016,3.43559836976e-05
0.999853008677,0.000146991322708
0.997204430634,0.00279556936624
0.591763403733,0.408236596267
0.998595922905,0.00140407709526
0.976903572551,0.023096427449
0.999630832186,0.000369167814312
0.5,0.5
0.940576320355,0.059423679645
0.940576320355,0.059423679645
0.999612861177,0.00038713882289
0.999935289347,6.4710653325e-05
0.999988999733,1.10002671365e-05
0.990148878426,0.00985112157389
0.864790283256,0.135209716744
0.998628461916,0.00137153808445
0.882431497618,0.117568502382
0.997639291515,0.00236070848533
0.999708223313,0.000291776686874
0.908780093726,0.0912199062744
0.5,0.5
0.860638106705,0.139361893295
0.848378551862,0.151621448138
0.954909285131,0.045090714869
0.756292597611,0.243707402389
0.882431497618,0.117568502382
0.882985404899,0.117014595101
0.99904596909,0.000954030910319
0.756292597611,0.243707402389
0.794446613482,0.205553386518
0.944807806173,0.0551921938266
0.756292597611,0.243707402389
0.756292597611,0.243707402389
0.979180174844,0.0208198251562
0.756292597611,0.243707402389
0.5,0.5
0.756292597611,0.243707402389
0.5,0.5
0.5,0.5
0.756292597611,0.243707402389
0.944807806173,0.0551921938266
0.756292597611,0.243707402389
0.999952640227,4.73597729801e-05
0.884024929038,0.115975070962
0.756292597611,0.243707402389
0.756292597611,0.243707402389
0.966668412101,0.0333315878992
0.95312448283,0.0468755171701
0.997836840733,0.00216315926698
0.998962413696,0.00103758630376
0.95312448283,0.0468755171701
0.999842953255,0.000157046744843
0.756292597611,0.243707402389
0.999463088379,0.000536911621179
0.9700724123,0.0299275877004
0.5,0.5
0.756292597611,0.243707402389
0.756292597611,0.243707402389
0.5,0.5
0.756292597611,0.243707402389
0.885934482285,0.114065517715
0.996549741848,0.00345025815218
0.999945943138,5.40568623834e-05
0.928169153976,0.0718308460245
0.756292597611,0.243707402389
0.992454576319,0.00754542368146
0.95312448283,0.0468755171701
0.983111340192,0.0168886598084
0.995824096958,0.00417590304245
0.905929756747,0.094070243253
0.999989993543,1.00064566682e-05
0.950105867159,0.0498941328406
0.999397867065,0.000602132935291
0.5,0.5
0.904052823801,0.0959471761985
0.5,0.5
0.95312448283,0.0468755171701
0.895121788588,0.104878211412
0.999853297923,0.000146702077283
0.756292597611,0.243707402389
0.756292597611,0.243707402389
0.967622553424,0.0323774465763
0.98451656529,0.0154834347099
0.663582446754,0.336417553246
0.914828519855,0.0851714801452
0.914828519855,0.0851714801452
0.904052823801,0.0959471761985
0.700581826365,0.299418173635
0.95312448283,0.0468755171701
0.990161355815,0.00983864418525
0.994843308222,0.00515669177798
0.990017509292,0.009982490708
0.824484357539,0.175515642461
0.756292597611,0.243707402389
0.756292597611,0.243707402389
0.894968667606,0.105031332394
0.5,0.5
0.95312448283,0.0468755171701
0.875559998952,0.124440001048
0.683559830065,0.316440169935
0.999914148874,8.58511259996e-05
0.893223598746,0.106776401254
0.969969759366,0.0300302406345
0.955912496371,0.0440875036287
0.983839296793,0.0161607032073
0.971564795766,0.0284352042338
0.5,0.5
0.9864307912,0.0135692088005
0.994969236216,0.00503076378397
0.960955647053,0.0390443529469
0.999609608497,0.00039039150331
0.983642885989,0.0163571140113
0.756292597611,0.243707402389
0.608640212611,0.391359787389
0.295735192181,0.704264807819
0.995554555234,0.00444544476619
0.756292597611,0.243707402389
0.951411971798,0.0485880282019
0.894462817256,0.105537182744
0.997796230996,0.00220376900385
0.95312448283,0.0468755171701
0.924884365507,0.0751156344931
0.990468726945,0.00953127305454
0.990655324942,0.00934467505775
0.5,0.5
0.756292597611,0.243707402389
0.990148878426,0.00985112157389
0.756292597611,0.243707402389
0.999857153918,0.000142846082107
0.941937559744,0.0580624402556
0.999395267844,0.000604732156143
0.999994374696,5.62530367132e-06
0.967381710635,0.0326182893649
0.999999999881,1.18822507389e-10
0.756292597611,0.243707402389
0.756292597611,0.243707402389
0.756292597611,0.243707402389
0.872716069138,0.127283930862
0.94517324842,0.0548267515797
0.94517324842,0.0548267515797
0.933887614537,0.0661123854634
0.838142253743,0.161857746257
0.992654756752,0.00734524324824
0.838142253743,0.161857746257
0.999682989943,0.000317010056595
0.999999695249,3.04751146873e-07
0.99978321984,0.000216780160399
0.934197497514,0.0658025024864
0.934197497514,0.0658025024864
0.99857981934,0.00142018066005
0.982176093578,0.0178239064224
0.5,0.5
0.756292597611,0.243707402389
0.756292597611,0.243707402389
0.999191588009,0.000808411991492
0.5,0.5
0.954218823208,0.0457811767924
0.941854920911,0.0581450790888
0.88921818534,0.11078181466
0.828296211292,0.171703788708
0.995930713446,0.00406928655449
0.756292597611,0.243707402389
0.996303811172,0.00369618882825
0.756292597611,0.243707402389
0.979499852388,0.0205001476116
0.999958994773,4.10052272262e-05
0.5,0.5
0.756292597611,0.243707402389
0.5,0.5
0.756292597611,0.243707402389
0.756292597611,0.243707402389
0.908760196053,0.0912398039468
0.818316051176,0.181683948824
0.916489634847,0.0835103651529
0.988753521242,0.0112464787582
0.956265569849,0.0437344301511
0.999688484532,0.000311515468146
0.996894777952,0.00310522204756
0.955145081556,0.0448549184443
0.967685153152,0.0323148468482
0.984331956467,0.0156680435334
0.5,0.5
0.94517324842,0.0548267515797
0.94517324842,0.0548267515797
0.94517324842,0.0548267515797
0.94517324842,0.0548267515797
0.756292597611,0.243707402389
0.979068983472,0.0209310165276
0.822570376479,0.177429623521
0.673311289284,0.326688710716
0.77872643105,0.22127356895
0.756292597611,0.243707402389
0.756292597611,0.243707402389
0.960529077748,0.0394709222521
0.998390627085,0.00160937291548
0.999141152528,0.000858847471883
0.756292597611,0.243707402389
0.997945220823,0.00205477917725
0.999589555783,0.000410444217087
0.756292597611,0.243707402389
0.997073186834,0.00292681316564
0.756292597611,0.243707402389
0.950294200266,0.049705799734
0.984650744002,0.0153492559981
0.999997762457,2.23754284678e-06
0.93079912601,0.0692008739903
0.998452104627,0.001547895373
0.818890714371,0.181109285629
0.756292597611,0.243707402389
0.5,0.5
0.5,0.5
0.95312448283,0.0468755171701
0.981179892994,0.0188201070062
0.99339958199,0.00660041801007
0.99339958199,0.00660041801007
0.999701854278,0.00029814572224
0.948610772461,0.0513892275392
0.999962391392,3.76086075595e-05
0.95312448283,0.0468755171701
0.944622395236,0.0553776047636
0.881596898171,0.118403101829
0.95312448283,0.0468755171701
0.92537199676,0.0746280032402
0.925391330883,0.0746086691171
0.990268614949,0.00973138505081
0.997562179306,0.0024378206939
0.95312448283,0.0468755171701
0.970981954822,0.0290180451784
0.756292597611,0.243707402389
0.884400665278,0.115599334722
0.975760887108,0.0242391128923
0.5,0.5
0.959129595223,0.0408704047772
0.5,0.5
0.946827722675,0.0531722773245
0.680534666957,0.319465333043
0.859092142554,0.140907857446
0.859092142554,0.140907857446
0.952889812388,0.0471101876121
0.961542683769,0.0384573162309
0.999999999762,2.37821762283e-10
0.756292597611,0.243707402389
0.995998115539,0.00400188446149
0.992527017124,0.00747298287584
0.970863946998,0.0291360530017
0.995751111843,0.00424888815724
0.998720505644,0.00127949435583
0.5,0.5
0.916478153672,0.0835218463277
0.639736346811,0.360263653189
0.968592278871,0.0314077211287
0.959669463315,0.0403305366846
0.940893552595,0.059106447405
0.630783615369,0.369216384631
0.879405241972,0.120594758028
0.966921378819,0.0330786211807
0.996333666165,0.00366633383476
0.998717678465,0.00128232153524
0.5,0.5
0.95312448283,0.0468755171701
0.999156553263,0.000843446737474
0.5,0.5
0.809491583313,0.190508416687
0.905440303111,0.0945596968887
0.848378551862,0.151621448138
0.999959752805,4.0247194918e-05
0.9749848429,0.0250151570995
0.995843182333,0.00415681766742
0.5,0.5
0.756292597611,0.243707402389
0.908780093726,0.0912199062744
0.893430386401,0.106569613599
0.999725336735,0.000274663265142
0.89717662144,0.10282337856
0.999999999985,1.54771750971e-11
0.688088935758,0.311911064242
0.998947453803,0.00105254619723
0.756292597611,0.243707402389
0.999160051772,0.000839948228149
0.97096589019,0.0290341098096
0.756292597611,0.243707402389
0.98229248527,0.0177075147303
0.915503184866,0.0844968151343
0.998811150869,0.0011888491313
0.999902894944,9.71050564097e-05
0.956277278437,0.0437227215627
0.975301400251,0.0246985997487
0.925614031053,0.0743859689474
0.5,0.5
0.958104562986,0.0418954370139
0.823317852973,0.176682147027
0.5,0.5
0.5,0.5
0.827144010686,0.172855989314
0.96501890773,0.0349810922696
0.996653739655,0.00334626034506
0.756292597611,0.243707402389
0.968364234757,0.0316357652434
0.991976621918,0.00802337808172
0.998846914344,0.00115308565578
0.962397245614,0.037602754386
0.96823992761,0.0317600723902
0.98919358381,0.0108064161899
0.845966545674,0.154033454326
0.91865565201,0.0813443479901
0.988156126753,0.0118438732468
0.983302700362,0.0166972996377
0.891679274181,0.108320725819
0.777408898138,0.222591101862
0.998737792371,0.00126220762867
0.756292597611,0.243707402389
0.999208825089,0.00079117491113
0.5,0.5
0.908996228964,0.091003771036
0.999957984082,4.20159177766e-05
0.950927545373,0.0490724546267
0.756292597611,0.243707402389
0.828361623348,0.171638376652
0.999526530746,0.000473469253785
0.5,0.5
0.5,0.5
0.5,0.5
0.957859829617,0.0421401703829
0.819511297774,0.180488702226
0.992343542873,0.00765645712708
0.990450016734,0.00954998326566
0.945397200353,0.0546027996468
0.945397200353,0.0546027996468
0.999999999995,5.42743627818e-12
0.756292597611,0.243707402389
0.756292597611,0.243707402389
0.984372773828,0.0156272261723
0.5,0.5
0.726955404795,0.273044595205
0.796410654878,0.203589345122
0.975242797348,0.0247572026519
0.986368140646,0.0136318593543
0.756292597611,0.243707402389
0.756292597611,0.243707402389
0.984306025479,0.0156939745208
0.938307190142,0.0616928098579
0.990148878426,0.00985112157389
0.789190025099,0.210809974901
0.980080977135,0.0199190228648
0.999519176808,0.000480823192389
0.5,0.5
0.5,0.5
0.999909372298,9.06277018418e-05
0.5,0.5
0.916489634847,0.0835103651529
0.555349730897,0.444650269103
0.999914318677,8.56813234945e-05
0.953681574699,0.0463184253008
0.999889016719,0.00011098328102
0.999999999801,1.98569827248e-10
0.969927202672,0.0300727973284
0.95312448283,0.0468755171701
0.916489634847,0.0835103651529
0.95312448283,0.0468755171701
0.869172278487,0.130827721513
0.95312448283,0.0468755171701
0.928158485857,0.0718415141434
0.999982528638,1.74713620544e-05
0.916489634847,0.0835103651529
0.999766092293,0.00023390770697
0.999797896805,0.000202103195213
0.756292597611,0.243707402389
0.756292597611,0.243707402389
0.826902246293,0.173097753707
0.997205656977,0.00279434302272
0.914687383611,0.0853126163887
0.880331171204,0.119668828796
0.922220754737,0.0777792452631
0.95312448283,0.0468755171701
0.756292597611,0.243707402389
0.893444667438,0.106555332562
1.0,5.37347943919e-14
0.994864145735,0.00513585426549
0.95312448283,0.0468755171701
0.936522022343,0.0634779776567
0.928415446861,0.0715845531393
0.5,0.5
0.882431497618,0.117568502382
0.930146375977,0.0698536240226
0.998681840757,0.00131815924263
0.99998335127,1.66487295313e-05
0.972987197394,0.0270128026065
0.915599831036,0.0844001689637
0.969493086098,0.0305069139023
0.999986916689,1.30833113403e-05
0.999999999979,2.10853556837e-11
0.5,0.5
0.950868714876,0.0491312851241
0.924769654208,0.0752303457918
0.922447833556,0.077552166444
0.999591740821,0.000408259179022
0.999913162052,8.68379481023e-05
0.756292597611,0.243707402389
0.956915426319,0.0430845736805
0.926093881871,0.0739061181285
0.997873247302,0.00212675269812
0.990148878426,0.00985112157389
0.999557355124,0.000442644876371
0.679311600591,0.320688399409
0.998766739768,0.00123326023173
0.5,0.5
0.696538855318,0.303461144682
0.98179095571,0.0182090442895
0.683220132149,0.316779867851
0.998376976226,0.00162302377411
0.999385293043,0.000614706957266
0.870012580591,0.129987419409
0.99916890084,0.000831099159502
0.693847743882,0.306152256118
0.756292597611,0.243707402389
0.997093659566,0.00290634043399
0.947790053873,0.052209946127
0.998549999029,0.0014500009705
0.997097366511,0.00290263348931
0.5,0.5
0.962568405004,0.0374315949957
0.837819123484,0.162180876516
0.998822589924,0.00117741007576
0.950927545373,0.0490724546267
0.95312448283,0.0468755171701
0.860312751102,0.139687248898
0.970599721416,0.0294002785841
0.5,0.5
0.961442717708,0.0385572822923
0.999999999881,1.18822507389e-10
0.5,0.5
0.756292597611,0.243707402389
1.0,1.99840144433e-15
0.730194577233,0.269805422767
0.944480986064,0.0555190139359
0.98229248527,0.0177075147303
1.0,1.75415237891e-14
0.997950872589,0.00204912741074
0.995790529266,0.00420947073434
0.891165327666,0.108834672334
0.98966601961,0.0103339803904
0.916489634847,0.0835103651529
0.99882774138,0.00117225862046
0.988910882534,0.0110891174656
0.902248373263,0.0977516267375
0.954624683764,0.0453753162357
0.863736825519,0.136263174481
0.949540636599,0.0504593634014
0.99894823158,0.00105176842007
0.95312448283,0.0468755171701
0.958861017946,0.0411389820535
0.999897079419,0.000102920580951
0.984575751648,0.0154242483521
0.984871935157,0.0151280648432
0.756292597611,0.243707402389
0.756292597611,0.243707402389
0.916967505135,0.0830324948646
0.990148878426,0.00985112157389
0.916489634847,0.0835103651529
0.99982563232,0.000174367680328
0.5,0.5
0.999842953255,0.000157046744843
0.984643034132,0.0153569658683
0.5,0.5
0.998143473948,0.0018565260521
0.998962506978,0.00103749302208
0.998962506978,0.00103749302208
0.999928610617,7.13893833728e-05
0.999962098046,3.79019535378e-05
0.999962098046,3.79019535378e-05
0.999962098046,3.79019535378e-05
0.893178764116,0.106821235884
0.999928610617,7.13893833728e-05
0.768437603754,0.231562396246
0.968020246394,0.0319797536062
0.968020246394,0.0319797536062
0.999928610617,7.13893833728e-05
0.968020246394,0.0319797536062
0.982945004165,0.0170549958348
0.999957128053,4.28719465346e-05
0.982945004165,0.0170549958348
0.792900764907,0.207099235093
0.792900764907,0.207099235093
0.998417838635,0.00158216136485
0.990577801845,0.00942219815454
0.982945004165,0.0170549958348
0.990872463519,0.00912753648057
0.999518691165,0.000481308835283
0.756292597611,0.243707402389
0.996532921957,0.00346707804302
0.996142534528,0.00385746547185
0.990577801845,0.00942219815454
0.5,0.5
0.908780093726,0.0912199062744
0.99781438496,0.00218561504049
0.99781438496,0.00218561504049
0.975101888273,0.0248981117268
0.5,0.5
0.756292597611,0.243707402389
0.999455185377,0.000544814622651
0.982293181015,0.0177068189854
0.975101888273,0.0248981117268
0.975101888273,0.0248981117268
0.998962506978,0.00103749302208
0.756292597611,0.243707402389
0.956175145832,0.0438248541682
0.998060550933,0.00193944906717
0.5,0.5
0.994729732739,0.00527026726071
0.99258369219,0.00741630781019
0.999765356841,0.000234643158886
0.99999102591,8.97409042488e-06
0.999472202535,0.000527797465033
0.99957142237,0.000428577629991
0.984900812445,0.0150991875551
0.998805986225,0.00119401377506
0.999967438585,3.25614149217e-05
0.99710372681,0.00289627318954
0.78808822302,0.21191177698
0.768437603754,0.231562396246
0.878872912394,0.121127087606
0.997522957857,0.00247704214252
0.996804241687,0.00319575831299
0.833702739702,0.166297260298
0.756292597611,0.243707402389
0.969009088289,0.0309909117109
0.999960267447,3.97325529251e-05
0.997997930885,0.00200206911455
0.998652572872,0.00134742712844
0.999918080371,8.19196292055e-05
0.5,0.5
0.990295368453,0.00970463154679
0.963175420066,0.0368245799339
0.971263508109,0.0287364918906
0.999745580086,0.000254419913739
0.997081899437,0.00291810056291
0.99957142237,0.000428577629991
0.999819012213,0.00018098778699
0.99569485491,0.00430514509038
0.975101888273,0.0248981117268
0.916489634847,0.0835103651529
0.916489634847,0.0835103651529
0.998187637447,0.00181236255313
0.989751981316,0.0102480186844
0.976293639184,0.0237063608158
0.967456726475,0.0325432735245
0.979731090971,0.0202689090286
0.999518691165,0.000481308835283
0.981951334481,0.0180486655188
0.998454143345,0.00154585665548
0.997997631154,0.00200236884606
0.996671899808,0.00332810019224
0.993205269676,0.00679473032384
0.990311116927,0.00968888307268
0.60330376753,0.39669623247
0.986831348068,0.0131686519324
0.995008923065,0.00499107693454
0.756292597611,0.243707402389
0.998562225446,0.00143777455443
0.538481251107,0.461518748893
0.988269579454,0.0117304205464
0.990696061653,0.00930393834667
0.993807409881,0.00619259011929
0.649979704816,0.350020295184
0.975101888273,0.0248981117268
0.916489634847,0.0835103651529
0.999999999994,6.34203800587e-12
0.998713342471,0.00128665752904
0.995513965387,0.00448603461331
0.999999999871,1.29267041515e-10
0.995513965387,0.00448603461331
0.995513965387,0.00448603461331
0.999819012213,0.00018098778699
0.959464220637,0.0405357793627
0.756292597611,0.243707402389
0.999737904634,0.000262095365567
0.995714912448,0.00428508755236
0.995714912448,0.00428508755236
0.99666033659,0.00333966340996
0.95379232283,0.0462076771701
0.996590587323,0.00340941267712
0.5,0.5
0.999982569995,1.7430004676e-05
0.994017224832,0.00598277516849
0.99158350755,0.00841649245028
0.999819012213,0.00018098778699
0.998713342471,0.00128665752904
0.99199387453,0.00800612546963
0.5,0.5
0.99882901695,0.00117098305011
0.985762835082,0.0142371649176
0.991345039311,0.00865496068883
0.92837090574,0.07162909426
0.99560914156,0.0043908584401
0.986112071482,0.0138879285184
0.5,0.5
0.998793096912,0.00120690308769
0.999056659997,0.000943340003447
0.99158350755,0.00841649245028
0.988541853269,0.011458146731
0.756292597611,0.243707402389
0.938085691947,0.0619143080534
0.999751117314,0.000248882685856
0.756292597611,0.243707402389
0.5,0.5
0.914786435087,0.085213564913
0.966299462436,0.0337005375643
0.986652252427,0.0133477475734
0.959569488526,0.040430511474
0.696151904617,0.303848095383
0.991046970823,0.00895302917746
0.98394105537,0.0160589446303
0.673311289284,0.326688710716
0.999924851556,7.51484436972e-05
0.996888549619,0.00311145038114
0.999819012213,0.00018098778699
0.991035695244,0.00896430475574
0.926000058832,0.0739999411682
0.995220745522,0.00477925447778
0.994478341216,0.00552165878398
0.940641680888,0.0593583191121
0.988541853269,0.011458146731
0.996527839314,0.00347216068634
0.996996353315,0.00300364668548
0.931865830275,0.0681341697248
0.999456398301,0.000543601699396
0.998957593139,0.00104240686069
0.756292597611,0.243707402389
0.987761686754,0.0122383132463
0.998962506978,0.00103749302208
0.995513965387,0.00448603461331
0.5,0.5
0.878950603284,0.121049396716
0.756292597611,0.243707402389
0.756292597611,0.243707402389
0.981507419946,0.0184925800544
0.99560914156,0.0043908584401
0.999936973988,6.30260119938e-05
0.828361623348,0.171638376652
0.997765765765,0.00223423423484
0.971317326805,0.0286826731951
0.975101888273,0.0248981117268
0.864790283256,0.135209716744
0.997632876867,0.00236712313277
0.997064506833,0.00293549316699
0.848007718783,0.151992281217
0.998868704605,0.00113129539476
0.5,0.5
0.998962506978,0.00103749302208
0.756292597611,0.243707402389
0.992085556746,0.00791444325436
0.974150889029,0.0258491109707
0.924266510423,0.0757334895766
0.975101888273,0.0248981117268
0.98320588473,0.0167941152703
0.756292597611,0.243707402389
0.999957107042,4.28929580348e-05
0.999993249249,6.75075133227e-06
0.998962506978,0.00103749302208
0.998962506978,0.00103749302208
0.854009404404,0.145990595596
0.99990027755,9.97224503386e-05
0.5,0.5
0.916489634847,0.0835103651529
0.953489929308,0.0465100706921
0.999900110891,9.9889109317e-05
0.883799183729,0.116200816271
0.755318102692,0.244681897308
0.828361623348,0.171638376652
0.905478824255,0.0945211757452
0.905929756747,0.094070243253
0.95312448283,0.0468755171701
0.95312448283,0.0468755171701
0.954900672839,0.045099327161
0.608640212611,0.391359787389
0.916489634847,0.0835103651529
0.905478824255,0.0945211757452
0.993010970455,0.00698902954452
0.990737356616,0.00926264338405
0.997250354906,0.00274964509413
0.756292597611,0.243707402389
0.983959689971,0.0160403100289
